FACTOR,FACTOR,FACTOR,FACTOR,FACTOR,FACTOR,FACTOR,FACTOR,FACTOR,CLASS
ADT1_YEAST,0.58,0.61,0.47,0.13,0.5,0,0.48,0.22,0
ADT2_YEAST,0.43,0.67,0.48,0.27,0.5,0,0.53,0.22,0
ADT3_YEAST,0.64,0.62,0.49,0.15,0.5,0,0.53,0.22,0
AAR2_YEAST,0.58,0.44,0.57,0.13,0.5,0,0.54,0.22,1
AATM_YEAST,0.42,0.44,0.48,0.54,0.5,0,0.48,0.22,0
AATC_YEAST,0.51,0.4,0.56,0.17,0.5,0.5,0.49,0.22,0
ABC1_YEAST,0.5,0.54,0.48,0.65,0.5,0,0.53,0.22,0
BAF1_YEAST,0.48,0.45,0.59,0.2,0.5,0,0.58,0.34,1
ABF2_YEAST,0.55,0.5,0.66,0.36,0.5,0,0.49,0.22,0
ABP1_YEAST,0.4,0.39,0.6,0.15,0.5,0,0.58,0.3,0
ACE1_YEAST,0.43,0.39,0.54,0.21,0.5,0,0.53,0.27,1
ACE2_YEAST,0.42,0.37,0.59,0.2,0.5,0,0.52,0.29,1
ACH1_YEAST,0.4,0.42,0.57,0.35,0.5,0,0.53,0.25,0
ACON_YEAST,0.6,0.4,0.52,0.46,0.5,0,0.53,0.22,0
ACR1_YEAST,0.66,0.55,0.45,0.19,0.5,0,0.46,0.22,0
ACT_YEAST,0.46,0.44,0.52,0.11,0.5,0,0.5,0.22,0
ACT2_YEAST,0.47,0.39,0.5,0.11,0.5,0,0.49,0.4,0
ACT3_YEAST,0.58,0.47,0.54,0.11,0.5,0,0.51,0.26,1
ACT5_YEAST,0.5,0.34,0.55,0.21,0.5,0,0.49,0.22,1
ADA2_YEAST,0.61,0.6,0.55,0.21,0.5,0,0.5,0.25,1
C1TC_YEAST,0.45,0.4,0.5,0.16,0.5,0,0.5,0.22,0
PUR4_YEAST,0.43,0.44,0.48,0.22,0.5,0,0.51,0.22,0
PUR3_YEAST,0.73,0.63,0.42,0.3,0.5,0,0.49,0.22,0
ADH1_YEAST,0.43,0.53,0.52,0.13,0.5,0,0.55,0.22,0
ADH2_YEAST,0.46,0.53,0.52,0.15,0.5,0,0.58,0.22,0
ADH3_YEAST,0.51,0.51,0.52,0.51,0.5,0,0.54,0.22,0
ADH4_YEAST,0.59,0.45,0.53,0.19,0.5,0,0.59,0.27,0
KAD1_YEAST,0.57,0.47,0.6,0.18,0.5,0,0.51,0.22,0
KAD2_YEAST,0.63,0.67,0.57,0.24,0.5,0,0.49,0.22,0
ADP1_YEAST,0.8,0.88,0.36,0.39,0.5,0,0.56,0.33,0
ADR1_YEAST,0.53,0.54,0.43,0.1,0.5,0,0.57,0.32,1
AFG3_YEAST,0.51,0.51,0.43,0.87,0.5,0,0.52,0.22,0
AFR1_YEAST,0.38,0.61,0.61,0.12,0.5,0,0.53,0.47,0
RCS1_YEAST,0.33,0.55,0.51,0.43,0.5,0,0.51,0.22,1
AGA1_YEAST,0.78,0.74,0.42,0.26,0.5,0,0.43,0.22,0
AGA2_YEAST,0.74,0.67,0.47,0.34,0.5,0,0.42,0.22,0
YMX1_YEAST,0.72,0.61,0.45,0.3,0.5,0,0.54,0.25,0
SYAC_YEAST,0.4,0.45,0.57,0.18,0.5,0,0.56,0.26,0
DHA1_YEAST,0.59,0.53,0.43,0.44,0.5,0,0.5,0.22,0
DHA2_YEAST,0.57,0.53,0.53,0.34,0.5,0,0.53,0.22,0
ALG1_YEAST,0.86,0.68,0.39,0.24,0.5,0,0.54,0.22,0
ALG5_YEAST,0.86,0.74,0.51,0.4,0.5,0,0.55,0.22,0
GPT_YEAST,0.79,0.57,0.41,0.28,0.5,0,0.59,0.22,0
ALG8_YEAST,0.41,0.54,0.39,0.2,0.5,0,0.51,0.22,0
MAN1_YEAST,0.37,0.36,0.56,0.18,0.5,0,0.48,0.26,0
ANC1_YEAST,0.53,0.31,0.58,0.39,0.5,0,0.47,0.37,1
ANP1_YEAST,0.74,0.75,0.58,0.47,0.5,0,0.4,0.35,0
APE2_YEAST,0.49,0.39,0.52,0.29,0.5,0,0.48,0.22,0
APE3_YEAST,0.74,0.57,0.51,0.28,0.5,0,0.58,0.22,0
ALP1_YEAST,0.42,0.24,0.34,0.16,0.5,0,0.5,0.22,0
ADB2_YEAST,0.48,0.39,0.51,0.21,0.5,0,0.52,0.28,0
YHB9_YEAST,0.41,0.53,0.45,0.14,0.5,0,0.52,0.66,0
APN1_YEAST,0.45,0.46,0.55,0.43,0.5,0,0.55,0.38,1
ARD1_YEAST,0.56,0.48,0.58,0.27,0.5,0,0.51,0.22,0
ARF1_YEAST,0.64,0.59,0.56,0.23,0.5,0,0.46,0.22,0
ARF2_YEAST,0.64,0.56,0.56,0.22,0.5,0,0.45,0.22,0
ASSY_YEAST,0.66,0.62,0.49,0.1,0.5,0,0.49,0.22,0
OTC_YEAST,0.53,0.44,0.51,0.33,0.5,0,0.55,0.22,0
ARLY_YEAST,0.38,0.49,0.53,0.19,0.5,0,0.5,0.22,0
AR56_YEAST,0.45,0.58,0.48,0.67,0.5,0,0.52,0.22,0
ARGD_YEAST,0.43,0.35,0.52,0.52,0.5,0,0.54,0.22,0
ARG1_YEAST,0.37,0.32,0.47,0.18,0.5,0,0.45,0.25,1
ARG2_YEAST,0.48,0.43,0.51,0.32,0.5,0,0.52,0.43,1
ARG3_YEAST,0.41,0.46,0.59,0.19,0.5,0,0.58,0.27,1
ARO1_YEAST,0.54,0.48,0.44,0.08,0.5,0,0.52,0.27,0
AROC_YEAST,0.6,0.47,0.45,0.22,0.5,0,0.51,0.29,0
AROF_YEAST,0.34,0.46,0.57,0.09,0.5,0,0.55,0.22,0
AROG_YEAST,0.48,0.54,0.55,0.12,0.5,0,0.51,0.22,0
CHMU_YEAST,0.47,0.39,0.59,0.15,0.5,0,0.57,0.22,0
ASG2_YEAST,0.81,0.85,0.47,0.37,0.5,0,0.56,0.22,0
AST1_YEAST,0.48,0.42,0.52,0.24,0.5,0,0.56,0.22,0
ATE1_YEAST,0.58,0.51,0.49,0.27,0.5,0,0.57,0.29,0
ATM1_YEAST,0.6,0.5,0.44,0.61,0.5,0,0.47,0.22,0
ATPA_YEAST,0.45,0.55,0.54,0.66,0.5,0,0.47,0.22,0
ATPY_YEAST,0.46,0.49,0.58,0.23,0.5,0,0.44,0.22,0
ATPS_YEAST,0.49,0.42,0.56,0.55,0.5,0,0.42,0.25,0
ATPT_YEAST,0.63,0.53,0.54,0.4,0.5,0,0.5,0.22,0
ATPU_YEAST,0.5,0.54,0.53,0.54,0.5,0,0.51,0.27,0
ATPE_YEAST,0.63,0.57,0.59,0.4,0.5,0,0.38,0.22,0
ATPB_YEAST,0.43,0.57,0.51,0.49,0.5,0,0.48,0.22,0
ATPG_YEAST,0.48,0.45,0.55,0.5,0.5,0,0.53,0.22,0
ATPD_YEAST,0.5,0.58,0.46,0.46,0.5,0,0.46,0.22,0
ATPO_YEAST,0.51,0.54,0.6,0.57,0.5,0,0.58,0.22,0
ATP7_YEAST,0.54,0.52,0.63,0.37,0.5,0,0.46,0.22,0
ATP8_YEAST,0.67,0.62,0.4,0.43,0.5,0.83,0.5,0.22,0
ATR1_YEAST,0.28,0.58,0.21,0.13,0.5,0,0.51,0.22,0
YBR8_YEAST,0.39,0.44,0.35,0.16,0.5,0,0.55,0.22,0
BAR1_YEAST,0.8,0.63,0.45,0.29,0.5,0,0.51,0.22,0
BAS1_YEAST,0.5,0.52,0.59,0.3,0.5,0,0.51,0.35,1
BCK1_YEAST,0.42,0.47,0.52,0.41,0.5,0,0.53,0.32,0
BCK2_YEAST,0.36,0.46,0.62,0.46,0.5,0,0.51,0.33,0
BCS1_YEAST,0.46,0.38,0.47,0.22,0.5,0,0.52,0.27,0
KAPR_YEAST,0.4,0.45,0.56,0.2,0.5,0,0.45,0.22,0
BDF1_YEAST,0.33,0.43,0.64,0.16,0.5,0,0.52,0.52,1
BEM1_YEAST,0.49,0.61,0.49,0.25,0.5,0,0.5,0.28,0
BET1_YEAST,0.38,0.5,0.37,0.26,0.5,0,0.43,0.22,0
BGL2_YEAST,0.69,0.7,0.52,0.36,0.5,0,0.46,0.22,0
CYBM_YEAST,0.61,0.72,0.39,0.33,0.5,0,0.58,0.22,0
YMC4_YEAST,0.78,0.75,0.4,0.28,0.5,0,0.53,0.22,0
BIK1_YEAST,0.64,0.57,0.57,0.27,0.5,0,0.37,0.22,0
BOS1_YEAST,0.36,0.58,0.35,0.24,0.5,0,0.44,0.22,0
BSD2_YEAST,0.36,0.43,0.39,0.12,0.5,0,0.49,0.22,0
BUD5_YEAST,0.47,0.52,0.5,0.4,0.5,0,0.41,0.22,0
CAD1_YEAST,0.48,0.23,0.57,0.27,0.5,0,0.48,0.47,1
CAP2_YEAST,0.47,0.39,0.55,0.24,0.5,0,0.47,0.22,0
CAN1_YEAST,0.44,0.59,0.36,0.16,0.5,0,0.52,0.22,0
CAPA_YEAST,0.42,0.35,0.54,0.18,0.5,0,0.56,0.22,0
CAPB_YEAST,0.3,0.56,0.55,0.18,0.5,0,0.5,0.22,0
ARGI_YEAST,0.65,0.65,0.52,0.16,0.5,0,0.6,0.22,0
OAT_YEAST,0.27,0.6,0.48,0.23,0.5,0,0.55,0.22,0
CACP_YEAST,0.45,0.41,0.5,0.46,0.5,0.5,0.5,0.27,0
CAT8_YEAST,0.44,0.52,0.41,0.23,0.5,0,0.51,0.22,1
CBF1_YEAST,0.3,0.32,0.57,0.19,0.5,0,0.48,0.55,1
CB32_YEAST,0.4,0.44,0.49,0.47,0.5,0,0.49,0.27,1
CBF5_YEAST,0.45,0.51,0.5,0.16,0.5,0,0.52,1,1
CBP1_YEAST,0.45,0.45,0.5,0.6,0.5,0,0.49,0.22,0
CBP2_YEAST,0.59,0.67,0.56,0.41,0.5,0,0.47,0.22,0
CBP3_YEAST,0.47,0.47,0.57,0.48,0.5,0,0.48,0.22,0
CBP4_YEAST,0.35,0.52,0.48,0.22,0.5,0,0.26,0.22,0
CBP6_YEAST,0.47,0.41,0.66,0.26,0.5,0,0.53,0.22,0
NC5R_YEAST,0.64,0.62,0.29,0.28,0.5,0,0.51,0.22,0
CBS1_YEAST,0.55,0.53,0.55,0.46,0.5,0,0.52,0.22,0
CBS2_YEAST,0.67,0.62,0.54,0.43,0.5,0,0.53,0.22,0
TNT_YEAST,0.59,0.6,0.49,0.43,0.5,0,0.53,0.31,0
ATU1_YEAST,0.54,0.55,0.34,0.31,0.5,0,0.54,0.22,0
CCE1_YEAST,0.58,0.62,0.54,0.17,0.5,0,0.48,0.22,0
CCL1_YEAST,0.4,0.38,0.53,0.16,0.5,0,0.52,0.27,1
CCPR_YEAST,0.46,0.71,0.48,0.53,0.5,0,0.53,0.22,0
CCR4_YEAST,0.53,0.51,0.55,0.05,0.5,0,0.45,0.25,1
CTPT_YEAST,0.41,0.4,0.59,0.47,0.5,0,0.48,0.43,0
CC10_YEAST,0.5,0.64,0.57,0.15,0.5,0,0.47,0.22,0
CC11_YEAST,0.4,0.62,0.52,0.31,0.5,0,0.49,0.31,0
CC12_YEAST,0.6,0.5,0.57,0.25,0.5,0,0.41,0.26,0
CC16_YEAST,0.62,0.51,0.52,0.42,0.5,0,0.54,0.27,1
CC23_YEAST,0.35,0.58,0.54,0.16,0.5,0,0.51,0.22,1
CC24_YEAST,0.34,0.54,0.5,0.21,0.5,0,0.54,0.31,0
CC25_YEAST,0.39,0.58,0.5,0.26,0.5,0,0.54,0.59,0
CC27_YEAST,0.48,0.54,0.5,0.17,0.5,0,0.53,0.22,1
CDC3_YEAST,0.29,0.32,0.58,0.15,0.5,0,0.5,0.3,0
CC31_YEAST,0.47,0.32,0.64,0.3,0.5,0,0.63,0.22,1
IF4E_YEAST,0.39,0.47,0.56,0.16,0.5,0,0.47,0.22,0
UBC3_YEAST,0.58,0.48,0.51,0.47,0.5,0,0.55,0.22,1
NOT2_YEAST,0.64,0.6,0.57,0.19,0.5,0,0.43,0.22,1
NOT1_YEAST,0.37,0.46,0.4,0.27,0.5,0,0.45,0.22,1
CC4_YEAST,0.43,0.57,0.53,0.16,0.5,0,0.54,0.22,0
CC40_YEAST,0.28,0.37,0.61,0.09,0.5,0,0.52,0.55,1
CC42_YEAST,0.59,0.48,0.5,0.14,0.5,0,0.45,0.25,0
CAL1_YEAST,0.39,0.55,0.48,0.31,0.5,0,0.54,0.29,0
RFC1_YEAST,0.26,0.36,0.47,0.34,0.5,0,0.53,0.72,1
CC46_YEAST,0.51,0.34,0.5,0.19,0.5,0,0.5,0.22,1
YB52_YEAST,0.58,0.5,0.5,0.12,0.5,0,0.48,0.25,1
CC48_YEAST,0.44,0.39,0.53,0.14,0.5,0,0.54,0.44,0
CC6_YEAST,0.41,0.39,0.44,0.34,0.5,0,0.48,0.4,1
SYLC_YEAST,0.45,0.43,0.51,0.24,0.5,0,0.54,0.33,0
CC68_YEAST,0.36,0.68,0.46,0.16,0.5,0,0.53,0.28,1
CC7_YEAST,0.42,0.31,0.5,0.15,0.5,0,0.53,0.22,1
KTHY_YEAST,0.42,0.43,0.56,0.1,0.5,0,0.49,0.22,0
DNLI_YEAST,0.67,0.71,0.52,0.65,0.5,0,0.53,0.36,1
MCE1_YEAST,0.49,0.47,0.53,0.16,0.5,0,0.48,0.27,1
CEM1_YEAST,0.71,0.59,0.48,0.43,0.5,0,0.59,0.22,0
RLUB_YEAST,0.4,0.42,0.71,0.21,0.5,0,0.54,0.32,0
RLUB_YEAST,0.4,0.42,0.71,0.21,0.5,0,0.54,0.32,0
CLH_YEAST,0.54,0.49,0.49,0.2,0.5,0,0.52,0.22,0
CHL1_YEAST,0.42,0.51,0.5,0.12,0.5,0,0.52,0.46,1
CHL4_YEAST,0.57,0.51,0.53,0.18,0.5,0,0.56,0.25,1
PSS_YEAST,0.35,0.45,0.43,0.11,0.5,0,0.56,0.22,0
PEM1_YEAST,0.42,0.42,0.42,0.2,0.5,0,0.49,0.22,0
CHS1_YEAST,0.26,0.5,0.33,0.28,0.5,0,0.51,0.22,0
CHS2_YEAST,0.39,0.42,0.38,0.4,0.5,0,0.49,0.47,0
CHS3_YEAST,0.26,0.44,0.3,0.11,0.5,0,0.51,0.47,0
CIK1_YEAST,0.31,0.44,0.53,0.23,0.5,0,0.51,0.32,1
CIN1_YEAST,0.48,0.61,0.44,0.2,0.5,0,0.47,0.22,0
CIN4_YEAST,0.66,0.45,0.5,0.23,0.5,0,0.49,0.22,0
CIN8_YEAST,0.21,0.41,0.55,0.11,0.5,0,0.5,0.27,0
CISY_YEAST,0.38,0.68,0.44,0.45,0.5,0,0.53,0.22,0
CISZ_YEAST,0.44,0.38,0.48,0.32,0.5,0.83,0.53,0.22,0
KC21_YEAST,0.31,0.31,0.56,0.33,0.5,0,0.52,0.33,1
KC22_YEAST,0.49,0.31,0.49,0.35,0.5,0,0.51,0.29,1
KC2C_YEAST,0.38,0.37,0.56,0.21,0.5,0,0.49,0.22,1
KICH_YEAST,0.39,0.4,0.53,0.67,0.5,0,0.47,0.22,0
CLC1_YEAST,0.24,0.34,0.69,0.18,0.5,0,0.52,0.22,0
CG11_YEAST,0.49,0.43,0.51,0.13,0.5,0,0.47,0.22,0
CG12_YEAST,0.54,0.38,0.52,0.18,0.5,0,0.48,0.22,0
CG13_YEAST,0.43,0.57,0.53,0.53,0.5,0,0.53,0.25,0
CALM_YEAST,0.48,0.64,0.61,0.23,0.5,0,0.6,0.22,0
KCC1_YEAST,0.31,0.55,0.52,0.17,0.5,0,0.52,0.22,0
KCC2_YEAST,0.32,0.57,0.5,0.15,0.5,0,0.53,0.22,0
P2B1_YEAST,0.32,0.42,0.52,0.24,0.5,0,0.6,0.22,0
P2B2_YEAST,0.59,0.5,0.52,0.28,0.5,0,0.55,0.25,0
CALB_YEAST,0.37,0.42,0.51,0.11,0.5,0,0.57,0.22,0
CALX_YEAST,0.75,0.7,0.38,0.27,0.5,0,0.49,0.22,0
CYB_YEAST,0.61,0.72,0.31,0.33,0.5,0,0.56,0.22,0
COFI_YEAST,0.44,0.42,0.6,0.21,0.5,0,0.57,0.22,0
COQ1_YEAST,0.52,0.51,0.51,0.54,0.5,0,0.55,0.27,0
COQ2_YEAST,0.63,0.56,0.45,0.58,0.5,0,0.51,0.22,0
COQ3_YEAST,0.52,0.56,0.54,0.53,0.5,0,0.45,0.22,0
UCR1_YEAST,0.58,0.58,0.58,0.49,0.5,0,0.49,0.26,0
COT1_YEAST,0.72,0.62,0.34,0.29,0.5,0,0.56,0.28,0
COX1_YEAST,0.72,0.61,0.37,0.3,0.5,0,0.57,0.22,0
COXX_YEAST,0.46,0.43,0.38,0.33,0.5,0,0.48,0.28,0
COXZ_YEAST,0.57,0.57,0.44,0.37,0.5,0,0.52,0.25,0
COXG_YEAST,0.42,0.31,0.62,0.12,0.5,0,0.4,0.22,0
COXE_YEAST,0.49,0.46,0.45,0.45,0.5,0,0.52,0.22,0
YEX1_YEAST,0.42,0.58,0.41,0.65,0.5,0,0.46,0.26,0
COX2_YEAST,0.59,0.61,0.34,0.22,0.5,0,0.51,0.22,0
COX3_YEAST,0.52,0.77,0.38,0.34,0.5,0,0.51,0.22,0
COX4_YEAST,0.5,0.52,0.6,0.51,0.5,0,0.48,0.22,0
COXA_YEAST,0.49,0.6,0.43,0.56,0.5,0,0.36,0.22,0
COXB_YEAST,0.5,0.41,0.44,0.5,0.5,0,0.42,0.22,0
COX6_YEAST,0.5,0.4,0.56,0.7,0.5,0,0.5,0.22,0
COX7_YEAST,0.37,0.58,0.44,0.51,0.5,0,0.44,0.22,0
COX8_YEAST,0.55,0.45,0.45,0.54,0.5,0,0.5,0.22,0
COX9_YEAST,0.67,0.68,0.46,0.29,0.5,0,0.46,0.22,0
CARA_YEAST,0.53,0.51,0.46,0.28,0.5,0,0.48,0.22,0
CARB_YEAST,0.35,0.66,0.49,0.21,0.5,0,0.54,0.25,0
CYPH_YEAST,0.52,0.4,0.6,0.12,0.5,0,0.55,0.22,0
CYPB_YEAST,0.77,0.79,0.58,0.23,0.5,0,0.48,0.22,0
CYPC_YEAST,0.47,0.46,0.59,0.49,0.5,0,0.56,0.22,0
CYPR_YEAST,0.73,0.83,0.43,0.3,0.5,0,0.55,0.22,0
CYPD_YEAST,0.78,0.74,0.58,0.25,1,0,0.53,0.22,0
CBPS_YEAST,0.7,0.65,0.54,0.28,0.5,0,0.6,0.4,0
CPT1_YEAST,0.47,0.54,0.37,0.14,0.5,0,0.5,0.22,0
CRM1_YEAST,0.56,0.52,0.48,0.17,0.5,0,0.46,0.22,1
R141_YEAST,0.57,0.41,0.59,0.24,0.5,0,0.4,0.22,0
R142_YEAST,0.56,0.41,0.58,0.21,0.5,0,0.42,0.22,0
CSE1_YEAST,0.58,0.56,0.45,0.12,0.5,0,0.51,0.22,1
CSE2_YEAST,0.53,0.38,0.66,0.25,0.5,0,0.43,0.22,1
YKE9_YEAST,0.34,0.36,0.54,0.11,0.5,0,0.36,0.21,1
CSG2_YEAST,0.69,0.61,0.38,0.27,0.5,0,0.52,0.22,0
CATA_YEAST,0.37,0.53,0.6,0.19,0.5,0.5,0.42,0.22,0
CB33_YEAST,0.41,0.45,0.53,0.17,0.5,0,0.51,0.25,1
CTK1_YEAST,0.31,0.46,0.54,0.52,0.5,0,0.5,0.34,1
CTR1_YEAST,0.36,0.37,0.33,0.14,0.5,0,0.57,0.31,0
CHI1_YEAST,0.82,0.78,0.49,0.23,0.5,0,0.46,0.22,0
CHI2_YEAST,0.82,0.75,0.54,0.23,0.5,0,0.46,0.22,0
CATT_YEAST,0.41,0.51,0.58,0.15,0.5,0,0.45,0.27,0
MTC_YEAST,0.38,0.51,0.75,0.17,0.5,0,0.55,0.22,0
MTC_YEAST,0.38,0.51,0.75,0.17,0.5,0,0.55,0.22,0
CYB2_YEAST,0.53,0.44,0.51,0.33,0.5,0,0.52,0.22,0
CYC1_YEAST,0.46,0.54,0.71,0.15,0.5,0,0.59,0.22,0
CYC2_YEAST,0.4,0.56,0.48,0.14,0.5,0,0.47,0.22,0
CCHL_YEAST,0.53,0.53,0.6,0.13,0.5,0,0.49,0.22,0
CYC7_YEAST,0.42,0.57,0.72,0.22,0.5,0,0.57,0.22,0
RL2A_YEAST,0.45,0.27,0.57,0.36,0.5,0,0.52,0.18,0
CYAA_YEAST,0.2,0.26,0.52,0.14,0.5,0,0.53,0.44,0
CYS3_YEAST,0.51,0.53,0.55,0.14,0.5,0,0.51,0.22,0
CY1_YEAST,0.44,0.68,0.45,0.51,0.5,0,0.52,0.41,0
02_YEAST,0.27,0.39,0.66,0.11,0.5,0,0.44,0.22,0
DAL4_YEAST,0.55,0.42,0.34,0.3,0.5,0,0.52,0.22,0
DAL5_YEAST,0.34,0.42,0.3,0.23,0.5,0,0.53,0.22,0
MASZ_YEAST,0.44,0.53,0.52,0.23,0.5,0.83,0.51,0.22,0
DA80_YEAST,0.59,0.58,0.56,0.21,0.5,0,0.54,0.33,1
DA81_YEAST,0.39,0.28,0.46,0.12,0.5,0,0.41,0.22,1
DA82_YEAST,0.56,0.43,0.54,0.16,0.5,0,0.5,0.22,1
DAP2_YEAST,0.36,0.68,0.38,0.08,0.5,0,0.53,0.25,0
DATI_YEAST,0.27,0.36,0.6,0.33,0.5,0,0.37,0.31,1
DBF4_YEAST,0.35,0.4,0.59,0.22,0.5,0,0.47,0.37,1
DBP1_YEAST,0.42,0.32,0.5,0.21,0.5,0,0.51,0.22,1
DBP2_YEAST,0.23,0.2,0.53,0.2,0.5,0,0.44,0.22,1
DBR1_YEAST,0.55,0.54,0.56,0.22,0.5,0,0.5,0.37,1
DED1_YEAST,0.36,0.24,0.49,0.16,0.5,0,0.51,0.22,1
DEP1_YEAST,0.38,0.48,0.59,0.22,0.5,0,0.46,0.22,0
DYR_YEAST,0.8,0.46,0.5,0.15,0.5,0,0.53,0.22,0
DYHC_YEAST,0.6,0.56,0.47,0.2,0.5,0,0.5,0.38,1
DHH1_YEAST,0.41,0.24,0.54,0.26,0.5,0,0.41,0.22,1
DLD1_YEAST,0.47,0.65,0.54,0.62,0.5,0,0.53,0.36,0
DMC1_YEAST,0.43,0.39,0.54,0.14,0.5,0,0.47,0.22,1
DPB2_YEAST,0.5,0.51,0.52,0.09,0.5,0,0.48,0.25,1
DPB3_YEAST,0.53,0.61,0.52,0.21,0.5,0,0.55,0.3,1
DPM1_YEAST,0.54,0.42,0.41,0.16,0.5,0,0.52,0.22,0
SYDC_YEAST,0.46,0.35,0.53,0.16,0.5,0,0.51,0.29,0
DRS1_YEAST,0.46,0.43,0.49,0.79,0.5,0,0.49,0.63,1
ATC4_YEAST,0.51,0.55,0.35,0.16,0.5,0,0.51,0.47,0
DSS4_YEAST,0.56,0.52,0.55,0.19,0.5,0,0.54,0.22,0
TFS2_YEAST,0.61,0.3,0.59,0.12,0.5,0,0.49,0.27,1
DUN1_YEAST,0.37,0.53,0.46,0.23,0.5,0,0.47,0.22,1
DUR3_YEAST,0.83,0.58,0.33,0.04,0.5,0,0.53,0.22,0
EF1B_YEAST,0.39,0.45,0.53,0.18,0.5,0,0.54,0.22,0
EF2_YEAST,0.52,0.54,0.5,0.21,0.5,0,0.48,0.3,0
EGD1_YEAST,0.35,0.39,0.57,0.11,0.5,0,0.48,0.22,1
ATN2_YEAST,0.36,0.49,0.3,0.22,0.5,0,0.52,0.31,0
END2_YEAST,0.78,0.7,0.32,0.23,0.5,0,0.53,0.22,0
END3_YEAST,0.55,0.46,0.53,0.11,0.5,0,0.52,0.48,0
ENO1_YEAST,0.45,0.56,0.54,0.32,0.5,0,0.57,0.22,0
ENO2_YEAST,0.45,0.56,0.53,0.32,0.5,0,0.57,0.22,0
EPT1_YEAST,0.29,0.43,0.4,0.15,0.5,0,0.53,0.22,0
ERD1_YEAST,0.52,0.75,0.37,0.14,0.5,0,0.46,0.22,0
ERD2_YEAST,0.71,0.56,0.39,0.27,0.5,0,0.52,0.22,0
ERG1_YEAST,0.58,0.6,0.43,0.12,0.5,0,0.55,0.22,0
THIL_YEAST,0.54,0.65,0.49,0.34,0.5,0,0.52,0.22,0
CP51_YEAST,0.57,0.59,0.44,0.16,0.5,0,0.52,0.22,0
KIME_YEAST,0.59,0.58,0.46,0.19,0.5,0,0.56,0.27,0
ERG2_YEAST,0.92,0.61,0.4,0.22,0.5,0,0.54,0.22,0
FPPS_YEAST,0.55,0.56,0.45,0.14,0.5,0,0.54,0.22,0
ER24_YEAST,0.63,0.61,0.41,0.22,0.5,0,0.51,0.22,0
ERG3_YEAST,0.58,0.53,0.38,0.18,0.5,0,0.52,0.22,0
ERG4_YEAST,0.36,0.46,0.43,0.19,0.5,0,0.48,0.22,0
ERG6_YEAST,0.32,0.47,0.55,0.12,0.5,0,0.52,0.22,0
ERG7_YEAST,0.34,0.38,0.45,0.19,0.5,0,0.51,0.22,0
ERG8_YEAST,0.62,0.58,0.46,0.13,0.5,0,0.53,0.22,0
FDFT_YEAST,0.53,0.68,0.42,0.19,0.5,0,0.53,0.22,0
ERS1_YEAST,0.73,0.55,0.41,0.16,0.5,0,0.46,0.22,0
ESP1_YEAST,0.55,0.46,0.46,0.31,0.5,0,0.58,0.48,1
EST1_YEAST,0.35,0.6,0.47,0.13,0.5,0,0.52,0.43,1
EUG1_YEAST,0.77,0.8,0.51,0.4,1,0,0.54,0.22,0
EXG1_YEAST,0.77,0.87,0.47,0.37,0.5,0,0.48,0.22,0
LCF2_YEAST,0.35,0.46,0.49,0.15,1,0,0.55,0.35,0
FAD1_YEAST,0.43,0.51,0.48,0.14,0.5,0,0.5,0.22,0
FAS1_YEAST,0.57,0.61,0.45,0.26,0.5,0,0.5,0.22,0
FAS2_YEAST,0.63,0.62,0.42,0.12,0.5,0,0.52,0.25,0
COAC_YEAST,0.25,0.4,0.51,0.18,0.5,0,0.5,0.27,0
ALF_YEAST,0.56,0.62,0.53,0.24,0.5,0,0.57,0.22,0
F16P_YEAST,0.58,0.6,0.51,0.24,0.5,0,0.53,0.22,0
F26_YEAST,0.71,0.59,0.53,0.15,0.5,0,0.49,0.33,0
FCY2_YEAST,0.46,0.35,0.33,0.17,0.5,0,0.55,0.22,0
FET3_YEAST,0.54,0.55,0.42,0.22,0.5,0,0.48,0.22,0
FET4_YEAST,0.39,0.44,0.28,0.12,0.5,0,0.46,0.27,0
FHL1_YEAST,0.33,0.44,0.49,0.08,0.5,0,0.48,0.49,1
FLO1_YEAST,0.81,0.82,0.41,0.36,0.5,0,0.39,0.22,0
FOX2_YEAST,0.69,0.6,0.51,0.13,0.5,0.83,0.52,0.22,0
THIK_YEAST,0.46,0.48,0.44,0.21,0.5,0,0.55,0.22,0
FKBP_YEAST,0.35,0.36,0.57,0.17,0.5,0,0.52,0.22,0
FKB2_YEAST,0.74,0.72,0.47,0.25,0.5,0,0.57,0.22,0
FKB3_YEAST,0.54,0.57,0.52,0.19,0.5,0,0.59,0.67,1
FPS1_YEAST,0.42,0.52,0.4,0.17,0.5,0,0.5,0.26,0
FRE1_YEAST,0.91,0.77,0.34,0.47,0.5,0,0.52,0.31,0
YKW0_YEAST,0.81,0.9,0.39,0.41,0.5,0,0.53,0.22,0
SYFA_YEAST,0.45,0.4,0.56,0.14,0.5,0,0.54,0.22,0
SYFB_YEAST,0.47,0.47,0.58,0.16,0.5,0,0.49,0.28,0
FUMH_YEAST,0.41,0.39,0.51,0.52,0.5,0,0.49,0.22,0
FU34_YEAST,0.37,0.34,0.32,0.22,0.5,0,0.56,0.22,0
FUR1_YEAST,0.69,0.6,0.5,0.31,0.5,0,0.55,0.22,0
FUR4_YEAST,0.35,0.56,0.36,0.3,0.5,0,0.53,0.25,0
FUS1_YEAST,0.84,0.66,0.36,0.78,0.5,0,0.49,0.5,0
FUS3_YEAST,0.51,0.58,0.54,0.29,0.5,0,0.53,0.22,0
FZF1_YEAST,0.37,0.43,0.62,0.27,0.5,0,0.48,0.22,1
GAC1_YEAST,0.55,0.66,0.57,0.32,0.5,0,0.57,0.34,0
GAL1_YEAST,0.48,0.35,0.42,0.21,0.5,0,0.57,0.22,0
GALX_YEAST,0.62,0.58,0.52,0.15,0.5,0,0.52,0.29,0
GALY_YEAST,0.56,0.59,0.53,0.16,0.5,0,0.24,0.42,1
GAL2_YEAST,0.44,0.51,0.37,0.15,0.5,0,0.51,0.22,0
GAL4_YEAST,0.44,0.44,0.49,0.15,0.5,0,0.46,0.27,1
GAL7_YEAST,0.5,0.5,0.48,0.17,0.5,0,0.47,0.26,0
GAL8_YEAST,0.6,0.6,0.49,0.3,0.5,0,0.53,0.22,1
GAP1_YEAST,0.49,0.46,0.34,0.21,0.5,0,0.55,0.22,0
GAR1_YEAST,0.35,0.68,0.57,0.4,0.5,0,0.53,0.36,1
GAS1_YEAST,0.7,0.69,0.43,0.33,0.5,0,0.58,0.22,0
GBP2_YEAST,0.23,0.3,0.58,0.22,0.5,0,0.48,0.27,1
E2BG_YEAST,0.45,0.42,0.52,0.2,0.5,0,0.5,0.25,0
IF2G_YEAST,0.51,0.35,0.46,0.15,0.5,0,0.51,0.42,0
E2BD_YEAST,0.42,0.39,0.47,0.13,0.5,0,0.5,0.27,0
E2BE_YEAST,0.32,0.38,0.52,0.2,0.5,0,0.52,0.28,0
E2BB_YEAST,0.59,0.65,0.52,0.3,0.5,0,0.46,0.31,0
GCN1_YEAST,0.41,0.52,0.41,0.11,0.5,0,0.54,0.35,0
GCN2_YEAST,0.37,0.33,0.5,0.12,0.5,0,0.51,0.54,0
E2BA_YEAST,0.45,0.56,0.49,0.17,0.5,0,0.52,0.22,0
GCN4_YEAST,0.56,0.54,0.59,0.14,0.5,0,0.52,0.27,1
GCN5_YEAST,0.31,0.31,0.54,0.18,0.5,0,0.52,0.29,1
GCR1_YEAST,0.27,0.51,0.47,0.35,0.5,0,0.49,0.28,1
GCR2_YEAST,0.54,0.56,0.57,0.18,0.5,0,0.45,0.25,1
GCR3_YEAST,0.17,0.38,0.45,0.09,0.5,0,0.54,0.27,1
GCS1_YEAST,0.43,0.51,0.54,0.15,0.5,0,0.45,0.26,1
GCY_YEAST,0.6,0.4,0.59,0.18,0.5,0,0.48,0.22,0
GDA1_YEAST,0.91,0.69,0.57,0.45,0.5,0,0.56,0.22,0
DHE4_YEAST,0.38,0.47,0.53,0.12,0.5,0,0.48,0.22,0
DHE2_YEAST,0.59,0.43,0.52,0.19,0.5,0,0.55,0.27,0
GDI1_YEAST,0.64,0.53,0.45,0.13,0.5,0,0.53,0.22,0
GEF1_YEAST,0.49,0.31,0.34,0.13,0.5,0,0.52,0.22,0
GFA1_YEAST,0.52,0.51,0.51,0.12,0.5,0,0.51,0.4,0
GLGB_YEAST,0.49,0.43,0.48,0.15,0.5,0,0.55,0.25,0
PP12_YEAST,0.49,0.47,0.52,0.16,0.5,0,0.53,0.28,0
HXKG_YEAST,0.48,0.39,0.49,0.18,0.5,0,0.51,0.22,0
GLNA_YEAST,0.44,0.34,0.55,0.18,0.5,0,0.52,0.22,0
GLN3_YEAST,0.43,0.54,0.58,0.16,0.5,0,0.5,0.36,1
SYQ_YEAST,0.49,0.42,0.54,0.17,0.5,0,0.5,0.36,0
GLO3_YEAST,0.34,0.66,0.51,0.16,0.5,0,0.47,0.33,1
GLS1_YEAST,0.2,0.34,0.33,0.1,0.5,0,0.48,0.31,0
6PGD_YEAST,0.74,0.53,0.5,0.08,0.5,0,0.55,0.31,0
GOG5_YEAST,0.69,0.48,0.38,0.15,0.5,0,0.55,0.22,0
GBA1_YEAST,0.3,0.5,0.47,0.11,0.5,0,0.46,0.22,0
GPDA_YEAST,0.44,0.51,0.48,0.38,0.5,0,0.52,0.22,0
PHSG_YEAST,0.31,0.45,0.5,0.17,0.5,0,0.49,0.22,0
PMGY_YEAST,0.55,0.41,0.56,0.21,0.5,0,0.52,0.22,0
PHO2_YEAST,0.4,0.34,0.52,0.17,0.5,0,0.47,0.51,1
SYG_YEAST,0.4,0.48,0.5,0.17,0.5,0,0.54,0.5,0
GSP1_YEAST,0.58,0.48,0.56,0.1,0.5,0,0.46,0.25,1
GSP2_YEAST,0.58,0.48,0.56,0.12,0.5,0,0.46,0.25,1
UGS1_YEAST,0.58,0.45,0.48,0.24,0.5,0,0.52,0.37,0
UGS2_YEAST,0.58,0.41,0.51,0.26,0.5,0,0.51,0.37,0
GTS1_YEAST,0.41,0.6,0.53,0.29,0.5,0,0.47,0.43,1
GPDM_YEAST,0.69,0.5,0.49,0.42,0.5,0,0.49,0.22,0
HAL1_YEAST,0.38,0.49,0.61,0.13,0.5,0,0.54,0.22,0
CYP1_YEAST,0.6,0.48,0.44,0.52,0.5,0,0.54,0.63,1
HAP2_YEAST,0.47,0.49,0.63,0.17,0.5,0,0.31,0.26,1
HAP3_YEAST,0.28,0.51,0.55,0.11,0.5,0,0.46,0.22,1
HAP4_YEAST,0.56,0.57,0.63,0.39,1,0,0.59,0.4,1
HBS1_YEAST,0.21,0.38,0.49,0.16,0.5,0,0.51,0.45,0
HCM1_YEAST,0.46,0.57,0.57,0.15,0.5,0,0.52,0.26,1
HDF1_YEAST,0.43,0.42,0.54,0.22,0.5,0,0.57,0.33,1
HEM1_YEAST,0.57,0.59,0.5,0.58,0.5,0,0.53,0.22,0
DCUP_YEAST,0.48,0.34,0.47,0.14,0.5,0,0.47,0.26,0
HEM6_YEAST,0.35,0.4,0.53,0.18,0.5,0,0.42,0.38,0
HEMZ_YEAST,0.47,0.45,0.53,0.62,0.5,0,0.46,0.22,0
HEM2_YEAST,0.53,0.43,0.47,0.15,0.5,0,0.58,0.22,0
HEM3_YEAST,0.46,0.45,0.56,0.16,0.5,0,0.56,0.22,0
HEX2_YEAST,0.44,0.42,0.62,0.14,0.5,0,0.55,0.37,1
H4_YEAST,0.37,0.34,0.58,0.24,0.5,0,0.44,0.18,1
H4_YEAST,0.37,0.34,0.58,0.24,0.5,0,0.44,0.18,1
H3_YEAST,0.39,0.39,0.55,0.52,0.5,0,0.37,0.16,1
H3_YEAST,0.39,0.39,0.55,0.52,0.5,0,0.37,0.16,1
HIP1_YEAST,0.48,0.46,0.38,0.29,0.5,0,0.53,0.22,0
HIR1_YEAST,0.48,0.57,0.5,0.09,0.5,0,0.52,0.42,1
HIR2_YEAST,0.61,0.57,0.45,0.21,0.5,0,0.5,0.42,1
HIS7_YEAST,0.56,0.44,0.56,0.19,0.5,0,0.54,0.22,0
HMD1_YEAST,0.51,0.63,0.3,0.35,0.5,0,0.53,0.27,0
HMD2_YEAST,0.53,0.68,0.34,0.42,0.5,0,0.54,0.27,0
MAT1_YEAST,0.37,0.22,0.64,0.35,0.5,0,0.47,0.22,1
MAT2_YEAST,0.51,0.48,0.58,0.22,0.5,0,0.5,0.28,1
MTA1_YEAST,0.49,0.37,0.59,0.17,0.5,0,0.51,0.22,1
MAT2_YEAST,0.51,0.48,0.58,0.22,0.5,0,0.5,0.28,1
HO_YEAST,0.53,0.53,0.53,0.17,0.5,0,0.49,0.37,1
HOP1_YEAST,0.29,0.68,0.47,0.26,0.5,0,0.47,0.37,1
HPR1_YEAST,0.5,0.45,0.49,0.15,0.5,0,0.55,0.43,1
HXTY_YEAST,0.33,0.28,0.31,0.24,0.5,0,0.53,0.22,0
YJ64_YEAST,0.85,0.85,0.3,0.31,0.5,0,0.55,0.42,0
HR25_YEAST,0.43,0.39,0.51,0.28,0.5,0,0.4,0.22,1
HS83_YEAST,0.61,0.54,0.49,0.16,0.5,0,0.54,0.42,0
HSF_YEAST,0.34,0.35,0.61,0.19,0.5,0,0.52,0.25,1
CH10_YEAST,0.55,0.53,0.56,0.29,0.5,0,0.48,0.22,0
H104_YEAST,0.66,0.62,0.52,0.17,0.5,0,0.49,0.22,0
HS26_YEAST,0.44,0.41,0.58,0.2,0.5,0,0.57,0.25,0
HS30_YEAST,0.37,0.62,0.34,0.25,0.5,0,0.51,0.22,0
HS60_YEAST,0.45,0.56,0.51,0.64,0.5,0,0.54,0.22,0
HSP7_YEAST,0.38,0.46,0.52,0.75,0.5,0,0.5,0.26,0
HS82_YEAST,0.61,0.54,0.49,0.19,0.5,0,0.54,0.47,0
H2A1_YEAST,0.44,0.53,0.52,0.37,0.5,0,0.5,0.22,1
H2A2_YEAST,0.44,0.53,0.52,0.37,0.5,0,0.5,0.22,1
H2B1_YEAST,0.32,0.34,0.61,0.17,0.5,0,0.52,0.32,1
H2B2_YEAST,0.34,0.34,0.61,0.18,0.5,0,0.52,0.32,1
SYH_YEAST,0.51,0.68,0.49,0.59,0.5,0,0.54,0.27,0
HXKA_YEAST,0.41,0.3,0.49,0.28,0.5,0,0.54,0.22,0
HXKB_YEAST,0.41,0.43,0.5,0.28,0.5,0,0.5,0.22,0
HXT1_YEAST,0.3,0.5,0.34,0.26,0.5,0,0.51,0.22,0
HXT2_YEAST,0.49,0.4,0.34,0.26,0.5,0,0.5,0.22,0
HXT3_YEAST,0.34,0.4,0.3,0.23,0.5,0,0.51,0.22,0
HXT4_YEAST,0.43,0.44,0.3,0.18,0.5,0,0.51,0.22,0
HXT5_YEAST,0.43,0.45,0.37,0.12,0.5,0,0.48,0.22,0
HXT6_YEAST,0.45,0.57,0.3,0.17,0.5,0,0.51,0.22,0
HXT7_YEAST,0.45,0.57,0.3,0.17,0.5,0,0.51,0.22,0
HXT8_YEAST,0.42,0.44,0.33,0.17,0.5,0,0.54,0.27,0
ACEA_YEAST,0.52,0.5,0.53,0.1,0.5,0,0.48,0.22,0
IDH1_YEAST,0.53,0.56,0.49,0.46,0.5,0,0.52,0.22,0
IDH2_YEAST,0.45,0.54,0.54,0.62,0.5,0,0.53,0.22,0
IPPI_YEAST,0.51,0.43,0.63,0.18,0.5,0,0.52,0.22,0
IDHP_YEAST,0.51,0.52,0.48,0.5,0.5,0,0.51,0.22,0
IF2M_YEAST,0.55,0.49,0.5,0.46,0.5,0,0.52,0.25,0
SYI_YEAST,0.5,0.46,0.52,0.16,0.5,0,0.52,0.26,0
THDH_YEAST,0.5,0.53,0.45,0.44,0.5,0,0.49,0.22,0
ILVB_YEAST,0.45,0.59,0.53,0.74,0.5,0,0.47,0.25,0
ILV5_YEAST,0.57,0.61,0.55,0.67,0.5,0,0.48,0.22,0
I0_YEAST,0.54,0.45,0.62,0.13,0.5,0,0.52,0.26,1
IMP1_YEAST,0.67,0.51,0.53,0.28,0.5,0,0.51,0.22,0
IMP2_YEAST,0.35,0.49,0.47,0.22,0.5,0,0.5,0.28,0
IATP_YEAST,0.47,0.63,0.66,0.45,0.5,0,0.37,0.11,0
INO1_YEAST,0.51,0.34,0.43,0.18,0.5,0,0.48,0.25,0
INO2_YEAST,0.56,0.45,0.59,0.14,0.5,0,0.51,0.26,1
INO4_YEAST,0.45,0.38,0.59,0.18,0.5,0,0.44,0.45,1
IPYR_YEAST,0.43,0.51,0.6,0.25,0.5,0,0.55,0.22,0
IRA1_YEAST,0.47,0.59,0.43,0.13,0.5,0,0.56,0.3,0
IRA2_YEAST,0.4,0.45,0.42,0.17,0.5,0,0.54,0.26,0
IRE1_YEAST,0.89,0.81,0.36,0.71,0.5,0,0.55,0.63,0
IS42_YEAST,0.58,0.55,0.52,0.22,0.5,0,0.44,0.22,0
ISP6_YEAST,0.59,0.57,0.46,0.14,0.5,0,0.52,0.22,0
ITR1_YEAST,0.49,0.41,0.32,0.21,0.5,0,0.5,0.32,0
ITR2_YEAST,0.35,0.53,0.35,0.33,0.5,0,0.5,0.32,0
IXR1_YEAST,0.42,0.32,0.61,0.13,0.5,0,0.14,0.27,1
YJ12_YEAST,0.5,0.46,0.42,0.32,0.5,0,0.56,0.55,0
YJ13_YEAST,0.68,0.5,0.43,0.27,0.5,0,0.61,0.22,0
YJ16_YEAST,0.5,0.45,0.49,0.3,0.5,0,0.47,0.4,1
ACOX_YEAST,0.46,0.41,0.5,0.44,0.5,0,0.53,0.22,0
YJ36_YEAST,0.32,0.36,0.34,0.19,0.5,0,0.55,0.26,0
YJ43_YEAST,0.4,0.51,0.42,0.13,0.5,0,0.45,0.25,0
YJ49_YEAST,0.7,0.73,0.37,0.37,0.5,0,0.48,0.31,0
YJ51_YEAST,0.81,0.76,0.32,0.37,0.5,0,0.51,0.22,0
YJ90_YEAST,0.65,0.61,0.39,0.3,0.5,0,0.57,0.28,0
YJ91_YEAST,0.47,0.43,0.35,0.32,0.5,0,0.54,0.22,0
JNM1_YEAST,0.42,0.25,0.6,0.14,0.5,0,0.45,0.22,0
KAR1_YEAST,0.23,0.34,0.41,0.28,0.5,0,0.5,0.27,1
GR78_YEAST,0.85,0.56,0.33,0.38,1,0,0.55,0.25,0
KAR3_YEAST,0.34,0.31,0.6,0.37,0.5,0,0.5,0.3,1
KEM1_YEAST,0.59,0.53,0.47,0.26,0.5,0,0.53,0.31,1
KEX1_YEAST,0.67,0.63,0.34,0.41,0.5,0,0.6,0.33,0
KEX2_YEAST,0.7,0.73,0.38,0.36,0.5,0,0.54,0.22,0
ODO1_YEAST,0.54,0.51,0.54,0.52,0.5,0,0.47,0.25,0
ODO2_YEAST,0.53,0.5,0.54,0.56,0.5,0,0.49,0.41,0
KHR1_YEAST,0.84,0.63,0.38,0.23,0.5,0,0.53,0.22,0
KHS1_YEAST,0.89,0.77,0.36,0.34,0.5,0,0.44,0.22,0
KIN1_YEAST,0.48,0.43,0.45,0.17,0.5,0,0.48,0.37,0
KIN2_YEAST,0.36,0.35,0.47,0.22,0.5,0,0.44,0.31,0
KI28_YEAST,0.57,0.49,0.48,0.16,0.5,0,0.51,0.22,1
KIP1_YEAST,0.43,0.52,0.53,0.52,1,0,0.49,0.22,0
KIP2_YEAST,0.38,0.49,0.54,1,0.5,0,0.5,0.27,0
SMI1_YEAST,0.43,0.32,0.56,0.27,0.5,0,0.47,0.27,1
KRE1_YEAST,0.84,0.87,0.45,0.54,0.5,0,0.28,0.22,0
KR11_YEAST,0.27,0.56,0.56,0.18,0.5,0,0.52,0.22,0
KRE2_YEAST,0.89,0.82,0.6,0.49,0.5,0,0.55,0.22,0
KRE5_YEAST,0.86,0.92,0.5,0.37,1,0,0.53,0.32,0
KRE6_YEAST,0.37,0.55,0.29,0.32,0.5,0,0.51,0.22,0
KRE9_YEAST,0.87,0.83,0.57,0.36,0.5,0,0.36,0.22,0
SYKC_YEAST,0.43,0.45,0.54,0.14,0.5,0,0.5,0.31,0
KSS1_YEAST,0.52,0.48,0.54,0.28,0.5,0,0.54,0.22,1
KTR1_YEAST,0.77,0.6,0.42,0.33,0.5,0,0.57,0.22,0
KTR2_YEAST,0.76,0.74,0.56,0.34,0.5,0,0.51,0.3,0
KTR3_YEAST,0.58,0.76,0.4,0.37,0.5,0,0.54,0.3,0
KTR4_YEAST,0.94,0.6,0.33,0.49,0.5,0,0.54,0.22,0
MSF1_YEAST,0.36,0.44,0.57,0.18,0.5,0,0.42,0.22,0
LAG1_YEAST,0.42,0.51,0.39,0.22,0.5,0,0.49,0.26,0
BLH1_YEAST,0.52,0.48,0.58,0.55,0.5,0,0.48,0.22,0
AMPL_YEAST,0.42,0.32,0.48,0.16,0.5,0,0.55,0.22,0
LAS1_YEAST,0.43,0.38,0.51,0.24,0.5,0,0.46,0.33,1
ODP2_YEAST,0.48,0.57,0.52,0.61,0.5,0,0.51,0.22,0
LCB1_YEAST,0.83,0.53,0.52,0.2,0.5,0,0.48,0.25,0
LCB2_YEAST,0.36,0.34,0.46,0.19,0.5,0,0.52,0.22,0
LEU2_YEAST,0.51,0.43,0.47,0.19,0.5,0,0.52,0.37,0
LEU3_YEAST,0.54,0.54,0.49,0.14,0.5,0,0.56,0.22,0
LEUR_YEAST,0.44,0.41,0.44,0.13,0.5,0,0.49,0.42,1
LEU1_YEAST,0.52,0.62,0.54,0.19,0.5,0,0.5,0.22,0
LGT3_YEAST,0.46,0.4,0.38,0.18,0.5,0,0.49,0.22,0
LIP5_YEAST,0.68,0.5,0.55,0.65,0.5,0,0.46,0.31,0
LOS1_YEAST,0.53,0.44,0.47,0.22,0.5,0,0.53,0.22,1
DLDH_YEAST,0.48,0.48,0.5,0.47,0.5,0,0.55,0.22,0
LYP1_YEAST,0.46,0.14,0.36,0.21,0.5,0,0.5,0.25,0
LYS1_YEAST,0.5,0.45,0.48,0.17,0.5,0,0.5,0.26,0
LY14_YEAST,0.44,0.53,0.43,0.17,0.5,0,0.54,0.75,1
LYS2_YEAST,0.46,0.47,0.46,0.16,0.5,0,0.51,0.22,0
MAC1_YEAST,0.52,0.49,0.57,0.57,0.5,0,0.51,0.22,1
MAD1_YEAST,0.62,0.64,0.56,0.2,0.5,0,0.48,0.33,1
MAG_YEAST,0.46,0.32,0.58,0.17,0.5,0,0.61,0.25,1
MK11_YEAST,0.78,0.48,0.47,0.3,0.5,0,0.53,0.47,0
MK16_YEAST,0.49,0.62,0.65,0.18,0.5,0,0.46,0.43,1
MAK3_YEAST,0.5,0.34,0.62,0.19,0.5,0,0.57,0.22,0
MA3T_YEAST,0.39,0.37,0.33,0.23,0.5,0,0.53,0.26,0
MA3S_YEAST,0.39,0.37,0.56,0.15,0.5,0,0.5,0.27,0
MA3R_YEAST,0.33,0.37,0.54,0.28,0.5,0,0.53,0.27,1
MA6T_YEAST,0.39,0.37,0.33,0.23,0.5,0,0.52,0.26,0
MA6R_YEAST,0.33,0.38,0.53,0.26,0.5,0,0.52,0.27,1
AMPM_YEAST,0.48,0.51,0.57,0.24,0.5,0,0.5,0.22,0
MPP2_YEAST,0.5,0.62,0.54,0.66,0.5,0,0.49,0.22,0
MPP1_YEAST,0.47,0.54,0.54,0.48,0.5,0,0.53,0.26,0
OM20_YEAST,0.72,0.58,0.42,0.28,0.5,0,0.48,0.22,0
MAS6_YEAST,0.41,0.41,0.51,0.19,0.5,0,0.57,0.22,0
OM70_YEAST,0.81,0.65,0.52,0.41,0.5,0,0.57,0.26,0
MBP1_YEAST,0.5,0.49,0.52,0.2,0.5,0,0.43,0.52,1
MCM1_YEAST,0.18,0.48,0.46,0.12,0.5,0,0,0.25,1
MCM2_YEAST,0.26,0.38,0.52,0.36,0.5,0,0.48,0.56,1
MCM3_YEAST,0.53,0.51,0.51,0.11,0.5,0,0.49,0.41,1
MDHM_YEAST,0.58,0.49,0.5,0.41,0.5,0,0.57,0.22,0
MDHC_YEAST,0.62,0.6,0.47,0.16,0.5,0,0.53,0.22,0
MDHP_YEAST,0.68,0.58,0.51,0.19,0.5,0.83,0.54,0.22,0
MDJ1_YEAST,0.4,0.52,0.53,0.52,0.5,0,0.51,0.22,0
MDL1_YEAST,0.51,0.47,0.41,0.44,0.5,0,0.5,0.22,0
MDL2_YEAST,0.72,0.56,0.4,0.26,0.5,0,0.51,0.26,0
MDM1_YEAST,0.49,0.44,0.45,0.22,0.5,0,0.51,0.22,0
MD10_YEAST,0.32,0.47,0.55,0.25,0.5,0,0.49,0.22,0
MDS1_YEAST,0.46,0.57,0.52,0.28,0.5,0,0.52,0.22,1
EFG1_YEAST,0.53,0.48,0.45,0.44,0.5,0,0.49,0.27,0
EFG2_YEAST,0.49,0.48,0.46,0.63,0.5,0,0.52,0.22,0
MEIX_YEAST,0.7,0.53,0.42,0.22,0.5,0,0.51,0.28,1
AGAL_YEAST,0.68,0.68,0.49,0.15,0.5,0,0.53,0.22,0
MEP1_YEAST,0.47,0.6,0.35,0.21,0.5,0,0.52,0.22,0
MER1_YEAST,0.55,0.49,0.45,0.18,0.5,0,0.49,0.22,1
MER2_YEAST,0.4,0.53,0.61,0.21,0.5,0,0.48,0.33,1
SYMC_YEAST,0.57,0.44,0.42,0.2,0.5,0,0.54,0.22,0
MET2_YEAST,0.4,0.47,0.48,0.18,0.5,0,0.46,0.22,0
MT17_YEAST,0.34,0.54,0.54,0.13,0.5,0,0.52,0.22,0
MT28_YEAST,0.43,0.83,0.55,0.2,0.5,0,0.47,0.4,1
MET4_YEAST,0.55,0.65,0.5,0.28,0.5,0,0.55,0.22,1
METE_YEAST,0.29,0.46,0.54,0.27,0.5,0,0.49,0.22,0
MFA2_YEAST,0.46,0.42,0.6,0.21,0.5,0,0.4,0.22,0
MFA3_YEAST,0.8,0.81,0.55,0.35,0.5,0,0.42,0.22,0
MFA4_YEAST,0.79,0.74,0.49,0.33,0.5,0,0.48,0.22,0
GRPE_YEAST,0.45,0.48,0.63,0.67,0.5,0,0.48,0.22,0
MGM1_YEAST,0.66,0.52,0.52,0.44,0.5,0,0.56,0.27,0
M101_YEAST,0.5,0.49,0.59,0.47,0.5,0,0.49,0.36,0
MGMT_YEAST,0.54,0.52,0.54,0.2,0.5,0,0.55,0.25,1
MIF2_YEAST,0.37,0.31,0.53,0.16,0.5,0,0.53,0.44,1
MIG1_YEAST,0.43,0.39,0.59,0.13,0.5,0,0.41,0.43,1
DPOG_YEAST,0.48,0.47,0.54,0.55,0.5,0,0.51,0.65,0
MPCP_YEAST,0.6,0.59,0.45,0.23,0.5,0,0.55,0.22,0
C1TM_YEAST,0.45,0.73,0.47,0.65,0.5,0,0.54,0.43,0
MLH1_YEAST,0.66,0.54,0.49,0.16,0.5,0,0.54,0.36,1
MLP1_YEAST,0.46,0.55,0.61,0.13,0.5,0,0.47,0.22,0
MASY_YEAST,0.42,0.5,0.53,0.22,0.5,0.83,0.5,0.22,0
MNN1_YEAST,0.66,0.66,0.32,0.54,0.5,0,0.51,0.22,0
MNN9_YEAST,0.74,0.56,0.35,0.36,0.5,0,0.51,0.25,0
MNS1_YEAST,0.89,0.52,0.41,0.26,0.5,0,0.52,0.31,0
MOD5_YEAST,0.67,0.51,0.54,0.21,0.5,0,0.43,0.3,0
MOT1_YEAST,0.58,0.46,0.46,0.34,0.5,0,0.5,0.43,1
MPI1_YEAST,0.4,0.68,0.5,0.82,0.5,0,0.44,0.36,0
MPI2_YEAST,0.59,0.57,0.43,0.26,0.5,0,0.51,0.22,0
MR11_YEAST,0.39,0.3,0.56,0.12,0.5,0,0.53,0.38,1
RF1M_YEAST,0.6,0.62,0.54,0.4,0.5,0,0.5,0.22,0
RT01_YEAST,0.36,0.4,0.53,0.48,0.5,0,0.48,0.22,0
RT13_YEAST,0.51,0.42,0.56,0.38,0.5,0,0.46,0.22,0
RT17_YEAST,0.41,0.54,0.58,0.2,0.5,0,0.52,0.22,0
RT02_YEAST,0.57,0.4,0.62,0.3,0.5,0,0.48,0.11,0
RM41_YEAST,0.52,0.5,0.59,0.31,0.5,0,0.5,0.22,0
RT04_YEAST,0.42,0.53,0.53,0.64,0.5,0,0.47,0.22,0
RM49_YEAST,0.5,0.46,0.64,0.36,0.5,0,0.49,0.22,0
RM02_YEAST,0.6,0.51,0.6,0.38,0.5,0.83,0.52,0.24,0
RT08_YEAST,0.45,0.38,0.64,0.14,0.5,0,0.54,0.22,0
RM13_YEAST,0.6,0.57,0.64,0.52,0.5,0,0.47,0.28,0
RM16_YEAST,0.53,0.42,0.58,0.29,0.5,0,0.5,0.22,0
RM20_YEAST,0.41,0.52,0.53,0.41,0.5,0,0.39,0.33,0
RM25_YEAST,0.45,0.43,0.63,0.4,0.5,0,0.59,0.11,0
RM27_YEAST,0.44,0.44,0.67,0.35,0.5,0,0.48,0.26,0
RM31_YEAST,0.58,0.52,0.61,0.33,0.5,0,0.38,0.11,0
RM32_YEAST,0.57,0.61,0.55,0.27,0.5,0,0.44,0.21,0
RM33_YEAST,0.57,0.58,0.58,0.35,0.5,0,0.49,0.22,0
RM36_YEAST,0.64,0.64,0.56,0.21,0.5,0,0.5,0.22,0
RM37_YEAST,0.56,0.5,0.61,0.49,0.5,0,0.46,0.28,0
RM38_YEAST,0.6,0.46,0.59,0.16,0.5,0,0.49,0.22,0
RM04_YEAST,0.36,0.38,0.56,0.44,0.5,0,0.48,0.22,0
RM44_YEAST,0.53,0.52,0.61,0.35,0.5,0,0.5,0.22,0
RM06_YEAST,0.62,0.59,0.54,0.47,0.5,0,0.46,0.22,0
RM08_YEAST,0.55,0.5,0.6,0.31,0.5,0,0.46,0.27,0
RM09_YEAST,0.58,0.53,0.57,0.46,0.5,0,0.51,0.27,0
RT28_YEAST,0.65,0.53,0.55,0.52,0.5,0,0.47,0.27,0
RT05_YEAST,0.38,0.54,0.54,0.41,0.5,0,0.51,0.22,0
RT09_YEAST,0.58,0.53,0.5,0.53,0.5,0,0.47,0.31,0
MRS1_YEAST,0.61,0.46,0.51,0.37,0.5,0,0.51,0.22,0
MRS2_YEAST,0.55,0.59,0.47,0.64,0.5,0,0.54,0.33,0
MRS3_YEAST,0.54,0.64,0.5,0.13,0.5,0,0.49,0.22,0
MRS4_YEAST,0.4,0.74,0.49,0.16,0.5,0,0.51,0.22,0
MSB2_YEAST,0.76,0.76,0.35,0.27,0.5,0,0.44,0.22,0
SYDM_YEAST,0.51,0.56,0.51,0.42,0.5,0,0.53,0.36,0
SYFM_YEAST,0.43,0.32,0.5,0.29,0.5,0,0.5,0.22,0
MSH1_YEAST,0.49,0.44,0.45,0.55,0.5,0,0.48,0.22,0
MSH2_YEAST,0.32,0.45,0.44,0.2,0.5,0,0.55,0.33,1
MSH3_YEAST,0.51,0.6,0.51,0.26,0.5,0,0.54,0.22,1
MSH4_YEAST,0.49,0.46,0.42,0.46,0.5,0,0.55,0.22,1
SYKM_YEAST,0.5,0.56,0.49,0.61,0.5,0,0.5,0.22,0
SYMM_YEAST,0.51,0.48,0.51,0.43,0.5,0,0.49,0.22,0
MSN1_YEAST,0.52,0.38,0.62,0.12,0.5,0,0.41,0.28,1
MSN2_YEAST,0.53,0.4,0.57,0.12,0.5,0,0.53,0.32,1
MSN4_YEAST,0.51,0.56,0.62,0.24,0.5,0,0.52,0.51,1
MSP1_YEAST,0.63,0.6,0.5,0.27,0.5,0,0.55,0.22,0
SYR_YEAST,0.46,0.44,0.53,0.31,0.5,0,0.48,0.22,0
MSS1_YEAST,0.58,0.57,0.54,0.69,0.5,0,0.54,0.22,0
MS16_YEAST,0.61,0.59,0.47,0.49,0.5,0,0.54,0.22,0
MS18_YEAST,0.63,0.47,0.56,0.12,0.5,0,0.5,0.22,0
MS51_YEAST,0.55,0.53,0.54,0.4,0.5,0,0.48,0.22,0
SYTM_YEAST,0.41,0.47,0.58,0.62,0.5,0,0.5,0.22,0
SYWM_YEAST,0.44,0.53,0.53,0.37,0.5,0,0.51,0.22,0
MTD1_YEAST,0.57,0.4,0.48,0.24,0.5,0,0.55,0.22,0
MTF1_YEAST,0.46,0.46,0.56,0.12,0.5,0,0.55,0.22,0
RU1A_YEAST,0.47,0.46,0.55,0.28,0.5,0,0.44,0.46,1
YKH4_YEAST,0.39,0.35,0.49,0.17,0.5,0,0.49,0.22,1
MYS1_YEAST,0.58,0.38,0.4,0.21,0.5,0,0.5,0.22,0
MYS2_YEAST,0.53,0.41,0.5,0.24,1,0,0.47,0.22,0
MYS4_YEAST,0.43,0.4,0.5,0.18,0.5,0,0.5,0.28,0
YN19_YEAST,0.41,0.59,0.46,0.19,0.5,0,0.36,0.22,0
YN46_YEAST,0.58,0.56,0.52,0.25,0.5,0,0.57,0.35,1
YN70_YEAST,0.51,0.65,0.53,0.19,0.5,0,0.49,0.22,0
YN94_YEAST,0.81,0.79,0.32,0.37,0.5,0,0.41,0.22,0
YNE2_YEAST,0.44,0.41,0.29,0.21,0.5,0,0.49,0.22,0
NAB1_YEAST,0.49,0.6,0.55,0.17,0.5,0,0.44,0.22,0
NAB2_YEAST,0.56,0.63,0.52,0.2,0.5,0,0.34,0.26,1
NAB3_YEAST,0.42,0.28,0.57,0.18,0.5,0,0.42,0.22,1
NAM1_YEAST,0.51,0.46,0.54,0.41,0.5,0,0.53,0.22,0
SYLM_YEAST,0.6,0.51,0.52,0.45,0.5,0,0.5,0.27,0
NAM7_YEAST,0.37,0.41,0.45,0.14,0.5,0,0.47,0.22,0
NAM9_YEAST,0.37,0.51,0.57,0.4,0.5,0,0.48,0.27,0
NAP1_YEAST,0.36,0.39,0.55,0.26,0.5,0,0.49,0.22,1
NAT1_YEAST,0.5,0.36,0.53,0.41,0.5,0,0.55,0.36,0
NAT2_YEAST,0.59,0.58,0.39,0.52,0.5,0,0.5,0.31,0
NCPR_YEAST,0.78,0.63,0.53,0.13,0.5,0,0.54,0.22,0
NDC1_YEAST,0.47,0.59,0.37,0.31,0.5,0,0.51,0.36,1
CB31_YEAST,0.48,0.62,0.52,0.3,0.5,0,0.51,0.37,1
NDI1_YEAST,0.53,0.61,0.51,0.49,0.5,0,0.54,0.27,0
NFS1_YEAST,0.48,0.54,0.53,0.6,0.5,0,0.53,0.31,1
ADA3_YEAST,0.33,0.46,0.53,0.29,0.5,0,0.5,0.55,1
NHP2_YEAST,0.36,0.44,0.51,0.17,0.5,0,0.6,0.19,1
NHPA_YEAST,0.39,0.34,0.68,0.3,0.5,0,0.5,0.29,1
NHPB_YEAST,0.11,0.41,0.67,0.13,0.5,0,0.45,0.29,1
NI96_YEAST,0.4,0.53,0.44,0.18,0.5,0,0.54,0.31,1
NIN1_YEAST,0.47,0.5,0.55,0.19,0.5,0,0.62,0.22,0
NIP1_YEAST,0.35,0.5,0.44,0.27,0.5,0,0.51,0.22,0
NMD2_YEAST,0.36,0.3,0.5,0.19,0.5,0,0.55,0.3,1
NMT_YEAST,0.49,0.44,0.51,0.18,0.5,0,0.52,0.27,0
FBRL_YEAST,0.35,0.44,0.54,0.26,0.5,0,0.52,0.26,1
NOP2_YEAST,0.43,0.28,0.53,0.34,0.5,0,0.55,0.57,1
NOP4_YEAST,0.33,0.48,0.55,0.16,0.5,0,0.53,0.75,1
NOT3_YEAST,0.45,0.21,0.49,0.24,0.5,0,0.46,0.31,1
NOP3_YEAST,0.44,0.34,0.61,0.13,0.5,0,0.49,0.26,1
NSP1_YEAST,0.87,0.47,0.6,0.47,0.5,0,0.59,0.22,1
NSR1_YEAST,0.3,0.55,0.58,0.16,0.5,0,0.61,0.28,1
TREA_YEAST,0.29,0.34,0.55,0.24,0.5,0,0.51,0.22,0
11_YEAST,0.75,0.67,0.51,0.29,0.5,0,0.52,0.36,0
RNC1_YEAST,0.47,0.47,0.5,0.15,0.5,0,0.5,0.48,1
NUF1_YEAST,0.51,0.34,0.49,0.16,0.5,0,0.53,0.21,1
NUF2_YEAST,0.64,0.76,0.51,0.18,0.5,0,0.46,0.22,1
NUP1_YEAST,0.45,0.41,0.58,0.48,0.5,0,0.53,0.64,1
N100_YEAST,0.9,0.54,0.59,0.2,0.5,0,0.48,0.22,1
N116_YEAST,0.88,0.59,0.54,0.39,0.5,0,0.41,0.3,1
YK62_YEAST,0.7,0.51,0.47,0.24,0.5,0,0.53,0.25,1
NUP2_YEAST,0.25,0.36,0.58,0.3,0.5,0,0.58,0.31,1
NU49_YEAST,0.69,0.62,0.49,0,1,0,0.47,0.22,1
OCH1_YEAST,0.83,0.57,0.42,0.57,0.5,0,0.5,0.32,0
ACO1_YEAST,0.43,0.38,0.38,0.12,0.5,0,0.5,0.22,0
ATP9_YEAST,0.78,0.65,0.4,0.16,0.5,0,0.63,0.22,0
ATP6_YEAST,0.52,0.64,0.34,0.16,0.5,0,0.57,0.22,0
OM45_YEAST,0.75,0.66,0.64,0.39,0.5,0,0.46,0.32,0
PORI_YEAST,0.41,0.49,0.58,0.22,0.5,0,0.52,0.22,0
OPI1_YEAST,0.58,0.51,0.56,0.16,0.5,0,0.34,0.22,1
PEM2_YEAST,0.48,0.49,0.45,0.23,0.5,0,0.51,0.22,0
ORC2_YEAST,0.39,0.42,0.49,0.1,0.5,0,0.49,0.65,1
YHR8_YEAST,0.31,0.42,0.48,0.17,0.5,0,0.49,0.53,1
YM38_YEAST,0.39,0.28,0.54,0.14,0.5,0,0.59,0.22,0
YINO_YEAST,0.76,0.67,0.37,0.22,0.5,0,0.54,0.22,0
YDA2_YEAST,0.49,0.27,0.57,0.18,0.5,0.83,0.54,0.22,0
PABP_YEAST,0.28,0.48,0.56,0.16,0.5,0,0.48,0.26,0
PAN1_YEAST,0.69,0.39,0.52,0.12,0.5,0,0.38,0.35,0
PAP_YEAST,0.64,0.52,0.5,0.26,0.5,0,0.51,0.31,1
PAS1_YEAST,0.56,0.48,0.5,0.3,0.5,0,0.51,0.22,0
PTSR_YEAST,0.5,0.5,0.54,0.16,0.5,0,0.49,0.22,0
UBCX_YEAST,0.47,0.43,0.59,0.27,0.5,0,0.55,0.22,0
PAS3_YEAST,0.68,0.59,0.44,0.49,0.5,0,0.4,0.26,0
PAS7_YEAST,0.5,0.51,0.57,0.27,0.5,0,0.48,0.22,0
IPB2_YEAST,0.45,0.46,0.61,0.2,0.5,0,0.62,0.22,0
ATC2_YEAST,0.53,0.51,0.36,0.13,0.5,0,0.52,0.22,0
ODPA_YEAST,0.6,0.54,0.54,0.53,0.5,0,0.52,0.27,0
ODPB_YEAST,0.49,0.52,0.53,0.7,0.5,0,0.51,0.22,0
DCP1_YEAST,0.49,0.45,0.53,0.16,0.5,0,0.49,0.31,0
PDC2_YEAST,0.51,0.46,0.57,0.25,0.5,0,0.53,0.22,0
DCP2_YEAST,0.49,0.45,0.46,0.18,0.5,0,0.49,0.31,0
DCP3_YEAST,0.52,0.46,0.51,0.18,0.5,0,0.5,0.22,0
CNA1_YEAST,0.55,0.59,0.52,0.1,0.5,0,0.53,0.22,0
CNA2_YEAST,0.39,0.58,0.5,0.1,0.5,0,0.51,0.25,0
PDI_YEAST,0.7,0.84,0.49,0.28,1,0,0.58,0.22,0
PDR1_YEAST,0.33,0.38,0.45,0.19,0.5,0,0.54,0.37,1
PDR3_YEAST,0.61,0.46,0.44,0.47,0.5,0,0.5,0.37,1
PDR5_YEAST,0.41,0.48,0.38,0.13,0.5,0,0.51,0.35,0
PDS1_YEAST,0.37,0.42,0.6,0.13,0.5,0,0.51,0.22,1
ODPX_YEAST,0.45,0.58,0.59,0.44,0.5,0,0.56,0.22,0
PEP1_YEAST,0.74,0.89,0.32,0.24,0.5,0,0.54,0.32,0
PE12_YEAST,0.28,0.46,0.26,0.18,0.5,0,0.39,0.22,0
PEP3_YEAST,0.51,0.46,0.49,0.21,0.5,0,0.55,0.22,0
CARP_YEAST,0.8,0.82,0.57,0.26,0.5,0,0.57,0.27,0
END1_YEAST,0.46,0.49,0.45,0.28,0.5,0,0.55,0.22,0
PEP8_YEAST,0.4,0.36,0.55,0.15,0.5,0,0.53,0.22,0
PES4_YEAST,0.67,0.46,0.58,0.3,0.5,0,0.57,0.27,1
PT11_YEAST,0.5,0.32,0.49,0.49,0.5,0,0.48,0.32,0
PT12_YEAST,0.45,0.53,0.47,0.43,0.5,0,0.5,0.27,0
PT17_YEAST,0.75,0.6,0.43,0.35,0.5,0,0.45,0.27,0
PT22_YEAST,0.56,0.68,0.52,0.39,0.5,0,0.36,0.22,0
RTPT_YEAST,0.48,0.45,0.59,0.35,0.5,0,0.55,0.3,0
PT27_YEAST,0.26,0.28,0.6,0.2,0.5,0,0.54,0.31,0
PT91_YEAST,0.59,0.45,0.58,0.21,0.5,0,0.49,0.22,0
PT09_YEAST,0.48,0.52,0.49,0.35,0.5,0.5,0.51,0.22,0
PT94_YEAST,0.59,0.58,0.47,0.61,0.5,0,0.44,0.3,0
PT54_YEAST,0.5,0.57,0.62,0.25,0.5,0,0.51,0.22,0
K6P1_YEAST,0.57,0.49,0.5,0.2,0.5,0,0.51,0.28,0
K6P2_YEAST,0.62,0.43,0.49,0.29,0.5,0,0.5,0.27,0
6P2K_YEAST,0.45,0.41,0.49,0.14,1,0,0.53,0.3,0
PROF_YEAST,0.47,0.49,0.6,0.15,0.5,0,0.38,0.22,0
PGD1_YEAST,0.41,0.48,0.54,0.24,0.5,0,0.37,0.51,1
G6PI_YEAST,0.46,0.46,0.53,0.23,0.5,0,0.51,0.22,0
PGK_YEAST,0.48,0.42,0.48,0.19,0.5,0,0.58,0.22,0
PGM1_YEAST,0.43,0.45,0.53,0.19,0.5,0,0.56,0.22,0
PGM2_YEAST,0.28,0.36,0.55,0.15,0.5,0,0.57,0.22,0
PHD1_YEAST,0.48,0.46,0.58,0.26,0.5,0,0.44,0.22,1
PPAB_YEAST,0.74,0.72,0.5,0.28,0.5,0,0.5,0.27,0
PPAC_YEAST,0.74,0.72,0.5,0.28,0.5,0,0.49,0.27,0
PNPP_YEAST,0.38,0.62,0.52,0.14,0.5,0,0.53,0.22,0
PPA3_YEAST,0.77,0.72,0.48,0.26,0.5,0,0.51,0.22,0
PHO4_YEAST,0.44,0.42,0.57,0.22,0.5,0,0.5,0.25,1
PPA5_YEAST,0.74,0.74,0.51,0.27,0.5,0,0.5,0.22,0
PPB_YEAST,0.39,0.81,0.35,0.28,0.5,0,0.51,0.45,0
PH80_YEAST,0.53,0.54,0.43,0.18,0.5,0,0.53,0.31,1
PH84_YEAST,0.38,0.45,0.37,0.19,0.5,0,0.52,0.3,0
PH85_YEAST,0.4,0.37,0.54,0.13,0.5,0,0.48,0.22,1
YCS7_YEAST,0.31,0.3,0.34,0.19,0.5,0,0.55,0.3,0
PHR_YEAST,0.5,0.42,0.57,0.49,0.5,0,0.48,0.27,1
PIF1_YEAST,0.59,0.61,0.51,0.62,0.5,0,0.51,0.38,0
PIK1_YEAST,0.45,0.4,0.43,0.22,0.5,0,0.51,0.48,1
LONM_YEAST,0.47,0.54,0.53,0.77,0.5,0,0.52,0.36,0
PIR1_YEAST,0.77,0.78,0.51,0.28,0.5,0,0.33,0.22,0
H150_YEAST,0.74,0.71,0.52,0.3,0.5,0,0.27,0.22,0
PIR3_YEAST,0.77,0.73,0.51,0.27,0.5,0,0.34,0.22,0
PIS_YEAST,0.47,0.61,0.5,0.23,0.5,0,0.49,0.22,0
PLB1_YEAST,0.78,0.69,0.44,0.26,0.5,0,0.54,0.22,0
ATH1_YEAST,0.49,0.6,0.3,0.34,0.5,0,0.5,0.43,0
ATH2_YEAST,0.27,0.56,0.3,0.14,0.5,0,0.52,0.39,0
ATC3_YEAST,0.4,0.39,0.33,0.17,0.5,0,0.51,0.31,0
MANA_YEAST,0.55,0.51,0.54,0.2,0.5,0,0.56,0.22,0
PMP1_YEAST,0.95,0.71,0.27,0.39,0.5,0,0.31,0.22,0
PMP2_YEAST,0.97,0.71,0.29,0.42,0.5,0,0.35,0.22,0
ATC1_YEAST,0.44,0.43,0.34,0.21,0.5,0,0.55,0.4,0
ATN1_YEAST,0.39,0.49,0.3,0.19,0.5,0,0.52,0.31,0
PMS1_YEAST,0.38,0.48,0.51,0.13,0.5,0,0.5,0.32,1
PMT1_YEAST,0.37,0.51,0.39,0.18,0.5,0,0.51,0.27,0
PMT2_YEAST,0.27,0.49,0.36,0.26,0.5,0,0.49,0.26,0
POB1_YEAST,0.49,0.48,0.52,0.2,0.5,0,0.55,0.22,1
DPOA_YEAST,0.36,0.39,0.54,0.16,0.5,0,0.5,0.28,1
DPO2_YEAST,0.54,0.53,0.48,0.14,0.5,0,0.49,0.33,1
DPOE_YEAST,0.37,0.48,0.5,0.26,0.5,0,0.52,0.39,1
DPOD_YEAST,0.25,0.39,0.5,0.23,0.5,0,0.5,0.28,1
PCNA_YEAST,0.49,0.71,0.54,0.13,0.5,0,0.58,0.22,1
DPO4_YEAST,0.56,0.5,0.56,0.26,0.5,0,0.53,0.27,1
P152_YEAST,0.41,0.53,0.41,0.15,0.5,0,0.54,0.25,1
POP2_YEAST,0.5,0.45,0.53,0.21,0.5,0,0.28,0.22,1
CAO_YEAST,0.46,0.37,0.48,0.36,0.5,0,0.48,0.22,0
PPA1_YEAST,0.66,0.55,0.34,0.2,0.5,0,0.62,0.22,0
IPY2_YEAST,0.42,0.65,0.58,0.34,0.5,0,0.5,0.22,0
PPCK_YEAST,0.45,0.47,0.53,0.15,0.5,0,0.52,0.27,0
PPR1_YEAST,0.42,0.28,0.51,0.23,0.5,0,0.53,0.27,1
PPX1_YEAST,0.51,0.48,0.46,0.29,0.5,0,0.54,0.22,0
PRTB_YEAST,0.75,0.69,0.48,0.13,0.5,0,0.57,0.4,0
CBPY_YEAST,0.69,0.7,0.5,0.3,0.5,0,0.54,0.22,0
PRTD_YEAST,0.63,0.55,0.53,0.51,0.5,0,0.55,0.22,0
PRCG_YEAST,0.55,0.63,0.54,0.16,0.5,0,0.45,0.27,0
PRCE_YEAST,0.46,0.62,0.54,0.25,0.5,0,0.46,0.22,0
PRCD_YEAST,0.53,0.59,0.48,0.14,0.5,0,0.51,0.22,0
PRCH_YEAST,0.42,0.53,0.57,0.17,0.5,0,0.49,0.22,0
PRC2_YEAST,0.52,0.46,0.56,0.2,0.5,0,0.5,0.22,0
PRC6_YEAST,0.53,0.43,0.57,0.24,0.5,0,0.39,0.28,0
PRI1_YEAST,0.33,0.35,0.56,0.19,0.5,0,0.5,0.22,1
PRI2_YEAST,0.45,0.48,0.56,0.56,0.5,0,0.47,0.22,1
PROB_YEAST,0.56,0.48,0.5,0.17,0.5,0,0.51,0.26,0
PROC_YEAST,0.77,0.57,0.45,0.17,0.5,0,0.53,0.22,0
PR16_YEAST,0.56,0.59,0.54,0.18,0.5,0,0.48,0.46,1
PR18_YEAST,0.33,0.39,0.52,0.09,0.5,0,0.47,0.28,1
PR19_YEAST,0.48,0.41,0.54,0.39,0.5,0,0.51,0.22,1
PR02_YEAST,0.3,0.3,0.46,0.32,0.5,0,0.45,0.22,1
PR21_YEAST,0.38,0.26,0.6,0.1,0.5,0,0.48,0.44,1
PR22_YEAST,0.68,0.39,0.5,0.15,0.5,0,0.48,0.37,1
PR28_YEAST,0.62,0.41,0.52,0.17,0.5,0,0.48,0.22,1
PR38_YEAST,0.52,0.37,0.48,0.13,0.5,0,0.55,0.22,1
PR39_YEAST,0.32,0.48,0.49,0.17,0.5,0,0.47,0.22,1
PR04_YEAST,0.34,0.35,0.58,0.2,0.5,0,0.46,0.32,1
PR05_YEAST,0.33,0.21,0.53,0.15,1,0,0.52,0.5,1
PR06_YEAST,0.49,0.45,0.57,0.24,0.5,0,0.47,0.38,1
PR08_YEAST,0.4,0.28,0.48,0.06,0.5,0,0.49,0.42,1
PR09_YEAST,0.51,0.39,0.56,0.25,0.5,0,0.51,0.33,1
PRC8_YEAST,0.45,0.45,0.52,0.17,0.5,0,0.54,0.22,0
PRC5_YEAST,0.28,0.51,0.55,0.19,0.5,0,0.57,0.22,0
PRC3_YEAST,0.51,0.51,0.56,0.28,0.5,0,0.54,0.27,0
PRC9_YEAST,0.48,0.56,0.49,0.32,0.5,0,0.5,0.22,0
PRT1_YEAST,0.59,0.46,0.48,0.46,0.5,0,0.49,0.22,0
DPSD_YEAST,0.51,0.46,0.4,0.65,0.5,0,0.49,0.22,0
SNM1_YEAST,0.37,0.44,0.51,0.56,0.5,0,0.5,0.38,1
PTM1_YEAST,0.81,0.55,0.35,0.34,0.5,0,0.51,0.22,0
PTP1_YEAST,0.53,0.45,0.53,0.18,0.5,0,0.42,0.22,0
PTP2_YEAST,0.45,0.27,0.5,0.33,0.5,0,0.53,0.26,0
PTR2_YEAST,0.36,0.33,0.38,0.15,0.5,0,0.55,0.36,0
PUB1_YEAST,0.48,0.5,0.56,0.11,0.5,0,0.33,0.22,0
PRCF_YEAST,0.35,0.47,0.53,0.19,0.5,0,0.48,0.22,0
PRCZ_YEAST,0.48,0.48,0.56,0.18,0.5,0,0.58,0.22,0
PUT1_YEAST,0.6,0.59,0.47,0.47,0.5,0,0.53,0.22,0
PUT2_YEAST,0.45,0.53,0.51,0.42,0.5,0,0.52,0.22,0
PUT3_YEAST,0.29,0.4,0.41,0.48,0.5,0,0.53,0.3,1
PUT4_YEAST,0.58,0.53,0.33,0.26,0.5,0,0.51,0.22,0
PYC1_YEAST,0.46,0.43,0.5,0.24,0.5,0,0.48,0.31,0
PYC2_YEAST,0.43,0.46,0.5,0.21,0.5,0,0.49,0.34,0
KPYK_YEAST,0.61,0.55,0.51,0.26,0.5,0,0.52,0.22,0
UCRX_YEAST,0.5,0.62,0.52,0.3,0.5,0,0.56,0.22,0
UCR2_YEAST,0.49,0.45,0.54,0.4,0.5,0,0.55,0.22,0
UCR6_YEAST,0.64,0.53,0.59,0.14,0.5,0,0.53,0.22,0
UCRQ_YEAST,0.57,0.6,0.54,0.17,0.5,0,0.52,0.22,0
UCR8_YEAST,0.38,0.31,0.59,0.19,0.5,0,0.46,0.22,0
UCR9_YEAST,0.68,0.53,0.44,0.31,0.5,0,0.51,0.22,0
RAD1_YEAST,0.24,0.41,0.47,0.16,0.5,0,0.51,0.38,1
RA10_YEAST,0.61,0.39,0.53,0.14,0.5,0,0.43,0.26,1
RA14_YEAST,0.39,0.16,0.59,0.08,0.5,0,0.51,0.27,1
RA16_YEAST,0.33,0.28,0.5,0.4,0.5,0,0.46,0.61,1
RA18_YEAST,0.51,0.55,0.56,0.18,0.5,0,0.5,0.38,1
RAD2_YEAST,0.39,0.44,0.54,0.24,0.5,0,0.51,0.49,1
RA23_YEAST,0.43,0.48,0.53,0.18,0.5,0,0.46,0.22,1
RA26_YEAST,0.47,0.43,0.48,0.16,0.5,0,0.46,0.27,1
RAD3_YEAST,0.52,0.5,0.51,0.2,0.5,0,0.51,0.22,1
RAD4_YEAST,0.33,0.28,0.52,0.15,0.5,0,0.51,0.86,1
RAD5_YEAST,0.36,0.48,0.5,0.13,0.5,0,0.49,0.6,1
RA50_YEAST,0.45,0.54,0.49,0.29,0.5,0,0.49,0.25,1
RA51_YEAST,0.55,0.59,0.53,0.15,0.5,0,0.49,0.22,1
RA52_YEAST,0.31,0.39,0.55,0.28,0.5,0,0.46,0.31,1
RA54_YEAST,0.43,0.41,0.51,0.34,0.5,0,0.49,0.28,1
RA55_YEAST,0.64,0.5,0.53,0.1,0.5,0,0.51,0.22,1
RA57_YEAST,0.41,0.52,0.56,0.26,0.5,0,0.48,0.32,1
UBC2_YEAST,0.48,0.47,0.59,0.41,0.5,0,0.56,0.27,1
RAD7_YEAST,0.49,0.49,0.51,0.29,0.5,0,0.52,0.71,1
RAD9_YEAST,0.41,0.52,0.51,0.22,0.5,0,0.52,0.44,1
SRS2_YEAST,0.51,0.61,0.5,0.23,0.5,0,0.52,0.61,1
RAM1_YEAST,0.59,0.47,0.51,0.53,0.5,0,0.53,0.26,0
RAM2_YEAST,0.4,0.6,0.5,0.16,0.5,0,0.51,0.22,0
RAP1_YEAST,0.54,0.53,0.53,0.17,0.5,0,0.51,0.39,1
RAS1_YEAST,0.61,0.46,0.54,0.11,0.5,0,0.47,0.22,0
RAS2_YEAST,0.66,0.55,0.54,0.18,0.5,0,0.43,0.22,0
RAT1_YEAST,0.53,0.46,0.54,0.37,0.5,0,0.51,0.3,1
RCA1_YEAST,0.41,0.41,0.43,0.61,0.5,0,0.53,0.22,0
REB1_YEAST,0.58,0.31,0.6,0.12,0.5,0,0.47,0.33,1
R102_YEAST,0.49,0.67,0.5,0.28,0.5,0,0.43,0.22,1
R104_YEAST,0.44,0.33,0.55,0.16,0.5,0,0.49,0.22,1
R114_YEAST,0.44,0.45,0.53,0.19,0.5,0,0.41,0.28,1
RED1_YEAST,0.57,0.55,0.52,0.16,0.5,0,0.49,0.39,1
RER1_YEAST,0.45,0.66,0.39,0.11,0.5,0,0.54,0.22,0
D0_YEAST,0.32,0.49,0.53,0.28,0.5,0,0.5,0.5,1
RFA1_YEAST,0.35,0.42,0.56,0.28,0.5,0,0.47,0.22,1
RFA2_YEAST,0.46,0.41,0.58,0.1,0.5,0,0.48,0.22,1
RFA3_YEAST,0.57,0.51,0.58,0.22,0.5,0,0.51,0.22,1
RFC2_YEAST,0.47,0.47,0.54,0.19,0.5,0,0.51,0.33,1
RFC3_YEAST,0.34,0.58,0.5,0.26,0.5,0,0.51,0.22,1
RFC4_YEAST,0.55,0.45,0.58,0.25,0.5,0,0.49,0.22,1
RFT1_YEAST,0.4,0.66,0.34,0.21,0.5,0,0.52,0.26,1
RGM1_YEAST,0.42,0.21,0.59,0.3,0.5,0,0.47,0.27,1
RHO1_YEAST,0.6,0.48,0.46,0.32,0.5,0,0.4,0.33,0
RHO2_YEAST,0.64,0.44,0.51,0.35,0.5,0,0.53,0.22,0
RIF1_YEAST,0.35,0.4,0.44,0.25,0.5,0,0.53,0.57,1
RIM1_YEAST,0.55,0.38,0.64,0.42,0.5,0,0.47,0.22,0
RIM2_YEAST,0.45,0.43,0.5,0.25,0.5,0,0.47,0.22,0
UCRI_YEAST,0.47,0.53,0.48,0.51,0.5,0,0.54,0.22,0
R0_YEAST,0.45,0.49,0.57,0.25,0.5,0,0.48,0.22,1
RNA1_YEAST,0.45,0.52,0.5,0.12,0.5,0,0.6,0.22,0
RN12_YEAST,0.56,0.51,0.32,0.49,0.5,0,0.48,0.22,1
RN14_YEAST,0.37,0.58,0.5,0.22,0.5,0,0.47,0.22,1
RN15_YEAST,0.47,0.45,0.51,0.33,0.5,0,0.46,0.26,1
ROX1_YEAST,0.5,0.36,0.64,0.37,0.5,0,0.37,0.33,1
ROX3_YEAST,0.43,0.44,0.64,0.19,0.5,0,0.38,0.33,1
RS3A_YEAST,0.38,0.4,0.59,0.25,0.5,0,0.44,0.22,0
RS3B_YEAST,0.39,0.39,0.59,0.25,0.5,0,0.45,0.22,0
R13A_YEAST,0.54,0.55,0.56,0.14,0.5,0,0.5,0.25,0
RL18_YEAST,0.45,0.5,0.57,0.29,0.5,0,0.44,0.11,0
RL18_YEAST,0.45,0.5,0.57,0.29,0.5,0,0.44,0.11,0
RS24_YEAST,0.61,0.38,0.57,0.36,0.5,0,0.44,0.21,0
RS24_YEAST,0.61,0.38,0.57,0.36,0.5,0,0.44,0.21,0
R17A_YEAST,0.43,0.33,0.54,0.37,0.5,0,0.38,0.16,0
R17B_YEAST,0.43,0.33,0.54,0.37,0.5,0,0.38,0.16,0
R61A_YEAST,0.51,0.39,0.58,0.19,0.5,0,0.47,0.22,0
RPA9_YEAST,0.72,0.51,0.52,0.08,0.5,0,0.54,0.22,1
RPA2_YEAST,0.35,0.41,0.53,0.27,0.5,0,0.47,0.29,1
RPA1_YEAST,0.56,0.49,0.54,0.15,0.5,0,0.5,0.35,1
RPA3_YEAST,0.57,0.37,0.43,0.27,0.5,0,0.53,0.28,1
RPBX_YEAST,0.57,0.49,0.61,0.26,0.5,0,0.52,0.22,1
RPBY_YEAST,0.48,0.45,0.63,0.19,0.5,0,0.58,0.22,1
RPB2_YEAST,0.34,0.48,0.47,0.19,0.5,0,0.5,0.3,1
RPB3_YEAST,0.54,0.57,0.55,0.18,0.5,0,0.5,0.22,1
RPB4_YEAST,0.38,0.44,0.55,0.44,0.5,0,0.47,0.51,1
RPB5_YEAST,0.4,0.3,0.57,0.13,0.5,0,0.46,0.22,1
RPB6_YEAST,0.27,0.31,0.55,0.13,0.5,0,0.5,0.22,1
RPB7_YEAST,0.52,0.46,0.56,0.25,0.5,0,0.52,0.22,1
RPB8_YEAST,0.44,0.5,0.55,0.24,0.5,0,0.48,0.22,1
RPB9_YEAST,0.34,0.47,0.48,0.32,0.5,0,0.42,0.22,1
RPCX_YEAST,0.5,0.56,0.63,0.25,0.5,0,0.42,0.22,1
RPC2_YEAST,0.46,0.53,0.47,0.37,0.5,0,0.51,0.36,1
RPC9_YEAST,0.31,0.6,0.65,0.18,0.5,0,0.46,0.22,1
RPC8_YEAST,0.57,0.42,0.63,0.22,0.5,0,0.68,0.32,1
RPC6_YEAST,0.37,0.45,0.53,0.14,0.5,0,0.49,0.22,1
RPC5_YEAST,0.38,0.38,0.54,0.24,0.5,0,0.54,0.22,1
RPC4_YEAST,0.36,0.49,0.55,0.21,0.5,0,0.55,0.33,1
RPC3_YEAST,0.29,0.4,0.5,0.16,0.5,0,0.51,0.34,1
RPD3_YEAST,0.37,0.3,0.51,0.15,0.5,0,0.58,0.26,1
RL1_YEAST,0.35,0.33,0.48,0.42,0.5,0,0.47,0.43,0
RL15_YEAST,0.46,0.35,0.69,0.18,0.5,0,0.3,0.25,0
RL15_YEAST,0.46,0.35,0.69,0.18,0.5,0,0.3,0.25,0
R14A_YEAST,0.57,0.43,0.52,0.3,0.5,0,0.37,0.11,0
R14B_YEAST,0.57,0.43,0.52,0.3,0.5,0,0.37,0.11,0
RL12_YEAST,0.59,0.51,0.48,0.12,0.5,0,0.54,0.31,0
RL12_YEAST,0.59,0.51,0.48,0.12,0.5,0,0.54,0.31,0
RL16_YEAST,0.61,0.53,0.59,0.17,0.5,0,0.44,0.28,0
RL1A_YEAST,0.61,0.48,0.56,0.19,0.5,0,0.53,0.31,0
RL1A_YEAST,0.61,0.48,0.56,0.19,0.5,0,0.53,0.31,0
R16A_YEAST,0.44,0.56,0.52,0.18,0.5,0,0.5,0.11,0
R16B_YEAST,0.36,0.56,0.52,0.18,0.5,0,0.45,0.16,0
RL17_YEAST,0.37,0.44,0.64,0.48,0.5,0,0.36,0.27,0
RL19_YEAST,0.72,0.37,0.63,0.38,0.5,0,0.4,0.14,0
RL19_YEAST,0.72,0.37,0.63,0.38,0.5,0,0.4,0.14,0
RL25_YEAST,0.44,0.36,0.64,0.45,0.5,0,0.53,0.11,0
RL27_YEAST,0.58,0.45,0.55,0.27,0.5,0,0.48,0.11,0
RL2_YEAST,0.63,0.64,0.45,0.26,0.5,0,0.43,0.22,0
RL2_YEAST,0.63,0.64,0.45,0.26,0.5,0,0.43,0.22,0
RL3A_YEAST,0.43,0.33,0.67,0.12,0.5,0,0.45,0.23,0
RL3B_YEAST,0.43,0.33,0.67,0.12,0.5,0,0.43,0.23,0
RL3E_YEAST,0.58,0.44,0.5,0.26,0.5,0,0.52,0.22,0
RL34_YEAST,0.38,0.43,0.53,0.22,0.5,0,0.48,0.11,0
R37A_YEAST,0.4,0.45,0.61,0.29,0.5,0,0.44,0.22,0
R37B_YEAST,0.4,0.45,0.61,0.29,0.5,0,0.44,0.22,0
RL44_YEAST,0.34,0.34,0.65,0.4,0.5,0,0.32,0.16,0
RL44_YEAST,0.34,0.34,0.65,0.4,0.5,0,0.32,0.16,0
RL46_YEAST,0.43,0.22,0.79,0.79,0.5,0,0.22,0,0
RL41_YEAST,0.35,0.21,1,0.8,0.5,0,0.13,0.01,0
RL41_YEAST,0.35,0.21,1,0.8,0.5,0,0.13,0.01,0
RL4A_YEAST,0.56,0.35,0.47,0.41,0.5,0,0.5,0.22,0
RL4B_YEAST,0.56,0.35,0.47,0.35,0.5,0,0.52,0.22,0
RL6_YEAST,0.54,0.44,0.55,0.48,0.5,0,0.47,0.22,0
RL71_YEAST,0.35,0.39,0.56,0.2,0.5,0,0.49,0.41,0
RL9_YEAST,0.48,0.46,0.58,0.16,0.5,0,0.45,0.22,0
RLA0_YEAST,0.48,0.55,0.48,0.1,0.5,0,0.55,0.22,0
RLA1_YEAST,0.66,0.6,0.52,0.19,0.5,0,0.69,0.22,0
RLA2_YEAST,0.69,0.54,0.55,0.23,0.5,0,0.73,0.22,0
RLA3_YEAST,0.73,0.6,0.47,0.2,0.5,0,0.72,0.22,0
RLA4_YEAST,0.78,0.82,0.56,0.21,0.5,0,0.69,0.22,0
RPM2_YEAST,0.42,0.49,0.49,0.36,0.5,0,0.57,0.26,0
RPB1_YEAST,0.44,0.62,0.53,0.27,0.5,0,0.49,0.22,1
RPC1_YEAST,0.56,0.61,0.52,0.19,0.5,0,0.52,0.32,1
RPOM_YEAST,0.47,0.56,0.46,0.5,0.5,0,0.51,0.22,0
RS6_YEAST,0.46,0.33,0.45,0.22,0.5,0,0.41,0.37,0
R19A_YEAST,0.52,0.43,0.61,0.22,0.5,0,0.45,0.22,0
R19B_YEAST,0.52,0.43,0.61,0.22,0.5,0,0.45,0.22,0
RS41_YEAST,0.32,0.44,0.54,0.21,0.5,0,0.4,0.19,0
RS41_YEAST,0.32,0.44,0.54,0.21,0.5,0,0.4,0.19,0
RS15_YEAST,0.48,0.41,0.52,0.33,0.5,0,0.51,0.26,0
RS22_YEAST,0.46,0.39,0.54,0.22,0.5,0,0.48,0.25,0
RS22_YEAST,0.46,0.39,0.54,0.22,0.5,0,0.48,0.25,0
RS21_YEAST,0.42,0.5,0.64,0.13,0.5,0,0.49,0.22,0
R26A_YEAST,0.46,0.54,0.59,0.41,0.5,0,0.53,0.21,0
R26B_YEAST,0.46,0.54,0.59,0.41,0.5,0,0.53,0.21,0
R271_YEAST,0.39,0.65,0.57,0.19,0.5,0,0.44,0.25,0
R272_YEAST,0.39,0.65,0.57,0.19,0.5,0,0.43,0.25,0
RS28_YEAST,0.38,0.5,0.52,0.44,0.5,0,0.54,0.11,0
RS28_YEAST,0.38,0.5,0.52,0.44,0.5,0,0.54,0.11,0
RS3_YEAST,0.51,0.52,0.58,0.17,0.5,0,0.47,0.28,0
RS31_YEAST,0.57,0.48,0.54,0.22,0.5,0,0.5,0.11,0
RS33_YEAST,0.5,0.5,0.62,0.23,0.5,0,0.35,0.11,0
RS37_YEAST,0.41,0.49,0.65,0.28,0.5,0,0.59,0.57,0
RS4E_YEAST,0.53,0.57,0.6,0.36,0.5,0,0.5,0.22,0
RS4E_YEAST,0.53,0.57,0.6,0.36,0.5,0,0.5,0.22,0
RS8_YEAST,0.37,0.3,0.62,0.43,0.5,0,0.44,0.39,0
RS8_YEAST,0.37,0.3,0.62,0.43,0.5,0,0.44,0.39,0
RRN6_YEAST,0.6,0.57,0.52,0.14,0.5,0,0.46,0.48,1
RRN7_YEAST,0.42,0.38,0.52,0.29,0.5,0,0.42,0.22,1
RTG1_YEAST,0.41,0.46,0.58,0.08,0.5,0,0.51,0.28,1
R161_YEAST,0.49,0.4,0.58,0.23,0.5,0,0.47,0.27,0
R167_YEAST,0.37,0.37,0.51,0.38,0.5,0,0.44,0.22,0
RSD1_YEAST,0.57,0.5,0.4,0.08,0.5,0,0.47,0.22,0
FIMB_YEAST,0.51,0.4,0.5,0.28,0.5,0,0.48,0.27,0
SAC7_YEAST,0.34,0.25,0.55,0.28,0.5,0,0.51,0.49,0
SAG1_YEAST,0.77,0.86,0.44,0.27,0.5,0,0.48,0.22,0
SAR1_YEAST,0.59,0.54,0.53,0.14,0.5,0,0.48,0.22,0
SC25_YEAST,0.5,0.48,0.48,0.23,0.5,0,0.53,0.68,0
SCJ1_YEAST,0.39,1,0.38,0.41,0.5,0,0.5,0.27,0
PRCI_YEAST,0.56,0.42,0.52,0.14,0.5,0,0.51,0.22,0
TAT2_YEAST,0.39,0.46,0.33,0.18,0.5,0,0.53,0.22,0
SCO1_YEAST,0.52,0.54,0.47,0.49,0.5,0,0.54,0.22,0
S160_YEAST,0.46,0.49,0.55,0.18,0.5,0,0.56,0.22,1
DHSA_YEAST,0.56,0.65,0.49,0.56,0.5,0,0.49,0.22,0
DHSB_YEAST,0.53,0.51,0.55,0.57,0.5,0,0.46,0.22,0
SDH3_YEAST,0.54,0.64,0.4,0.56,0.5,0,0.51,0.22,0
SDH4_YEAST,0.47,0.58,0.47,0.52,0.5,0,0.54,0.22,0
SDHL_YEAST,0.46,0.42,0.51,0.16,0.5,0,0.56,0.22,0
SEC1_YEAST,0.6,0.51,0.49,0.18,0.5,0,0.53,0.38,0
SC11_YEAST,0.85,0.66,0.49,0.18,0.5,0,0.51,0.22,0
SC12_YEAST,0.55,0.52,0.44,0.2,0.5,0,0.56,0.22,0
SC13_YEAST,0.49,0.38,0.56,0.09,0.5,0,0.46,0.22,0
SC14_YEAST,0.38,0.4,0.53,0.12,0.5,0,0.55,0.22,0
SC15_YEAST,0.55,0.55,0.52,0.13,0.5,0,0.53,0.25,0
SC17_YEAST,0.46,0.44,0.58,0.17,0.5,0,0.55,0.22,0
SC18_YEAST,0.34,0.46,0.52,0.19,0.5,0,0.53,0.26,0
SEC2_YEAST,0.58,0.56,0.46,0.14,0.5,0,0.51,0.22,0
SC20_YEAST,0.46,0.47,0.44,0.18,1,0,0.46,0.22,0
SC21_YEAST,0.44,0.71,0.5,0.21,0.5,0,0.54,0.27,0
SC22_YEAST,0.56,0.49,0.32,0.22,0.5,0,0.5,0.22,0
SC23_YEAST,0.41,0.49,0.47,0.09,0.5,0,0.49,0.22,0
SEC4_YEAST,0.44,0.51,0.53,0.3,0.5,0,0.53,0.22,0
PMM_YEAST,0.54,0.51,0.56,0.15,0.5,0,0.54,0.31,0
SC59_YEAST,0.51,0.51,0.32,0.27,0.5,0,0.54,0.22,0
SEC6_YEAST,0.46,0.38,0.51,0.2,0.5,0,0.51,0.22,0
S61A_YEAST,0.55,0.72,0.35,0.26,0.5,0,0.49,0.22,0
SC62_YEAST,0.54,0.44,0.35,0.19,0.5,0,0.51,0.27,0
NPL1_YEAST,0.65,0.66,0.37,0.12,0.5,0,0.52,0.27,0
SC65_YEAST,0.41,0.4,0.56,0.17,0.5,0,0.56,0.22,0
SC66_YEAST,0.39,0.71,0.38,0.14,0.5,0,0.5,0.22,0
SEC7_YEAST,0.37,0.42,0.46,0.15,0.5,0,0.51,0.31,0
SC72_YEAST,0.59,0.55,0.57,0.18,0.5,0,0.51,0.22,0
SEC8_YEAST,0.48,0.51,0.5,0.24,0.5,0,0.54,0.38,0
SEC9_YEAST,0.39,0.3,0.63,0.2,0.5,0,0.43,0.47,0
TRAM_YEAST,0.47,0.52,0.54,0.25,0.5,0,0.54,0.29,0
SED1_YEAST,0.77,0.82,0.4,0.36,0.5,0,0.38,0.22,0
SED4_YEAST,0.52,0.55,0.39,0.09,1,0,0.55,0.25,0
SED5_YEAST,0.42,0.28,0.33,0.23,0.5,0,0.39,0.26,0
SEN1_YEAST,0.47,0.37,0.46,0.28,0.5,0,0.52,0.99,1
SEN2_YEAST,0.48,0.5,0.47,0.29,0.5,0,0.46,0.27,1
SYSC_YEAST,0.3,0.33,0.55,0.12,0.5,0,0.53,0.38,0
SFL1_YEAST,0.49,0.49,0.52,0.18,0.5,0,0.51,0.25,1
SFP1_YEAST,0.54,0.59,0.57,0.34,0.5,0,0.49,0.22,1
AMYG_YEAST,0.7,0.78,0.53,0.24,0.5,0,0.48,0.22,0
SGE1_YEAST,0.85,0.69,0.34,0.31,0.5,0,0.57,0.3,0
SHM1_YEAST,0.56,0.59,0.45,0.15,0.5,0,0.54,0.22,0
GLYM_YEAST,0.47,0.56,0.53,0.44,0.5,0,0.53,0.22,0
GLYC_YEAST,0.53,0.49,0.47,0.21,0.5,0,0.53,0.22,0
SHR3_YEAST,0.7,0.57,0.34,0.19,0.5,0,0.53,0.27,0
SIC1_YEAST,0.42,0.43,0.67,0.7,0.5,0,0.42,0.25,0
NOT4_YEAST,0.47,0.44,0.53,0.18,0.5,0,0.47,0.29,1
SIN3_YEAST,0.4,0.49,0.53,0.23,0.5,0,0.44,0.26,1
SIN4_YEAST,0.45,0.65,0.51,0.17,0.5,0,0.49,0.22,1
SIP2_YEAST,0.42,0.42,0.55,0.31,0.5,0,0.43,0.22,1
SIR1_YEAST,0.45,0.41,0.53,0.49,0.5,0,0.49,0.31,1
SIR2_YEAST,0.42,0.28,0.49,0.22,0.5,0,0.55,0.34,1
SIR3_YEAST,0.47,0.5,0.47,0.22,0.5,0,0.53,0.45,1
SIR4_YEAST,0.33,0.42,0.55,0.23,0.5,0,0.52,0.43,1
SIS1_YEAST,0.56,0.55,0.57,0.15,0.5,0,0.54,0.25,0
SIS2_YEAST,0.37,0.47,0.49,0.12,0.5,0,0.47,0.31,1
SKI3_YEAST,0.32,0.6,0.48,0.13,0.5,0,0.53,0.22,1
SKN1_YEAST,0.38,0.42,0.31,0.35,0.5,0,0.52,0.22,0
SKN7_YEAST,0.46,0.56,0.56,0.25,0.5,0,0.43,0.22,1
SKO1_YEAST,0.47,0.55,0.57,0.17,0.5,0,0.52,0.66,1
SLA1_YEAST,0.37,0.55,0.52,0.13,0.5,0,0.42,0.8,0
SLA2_YEAST,0.46,0.48,0.38,0.22,0.5,0,0.39,0.45,0
PLSC_YEAST,0.8,0.69,0.53,0.33,0.5,0,0.51,0.22,0
SLN1_YEAST,0.52,0.65,0.36,0.37,0.5,0,0.52,0.34,0
SLU7_YEAST,0.19,0.16,0.68,0.36,0.5,0,0.49,0.21,1
SLY1_YEAST,0.64,0.31,0.53,0.15,0.5,0,0.53,0.31,0
SLY4_YEAST,0.4,0.43,0.36,0.33,0.5,0,0.51,0.22,0
SMC1_YEAST,0.47,0.56,0.51,0.2,0.5,0,0.52,0.59,1
SMC2_YEAST,0.4,0.75,0.44,0.12,0.5,0,0.49,0.22,1
SMD1_YEAST,0.48,0.55,0.58,0.18,0.5,0,0.38,0.69,1
SMF1_YEAST,0.57,0.51,0.34,0.13,0.5,0,0.53,0.27,0
SMF2_YEAST,0.23,0.37,0.32,0.13,0.5,0,0.53,0.22,0
SMY1_YEAST,0.54,0.5,0.51,0.26,0.5,0,0.52,0.22,0
SMY2_YEAST,0.6,0.64,0.56,0.36,0.5,0,0.46,0.27,0
SNC1_YEAST,0.27,0.41,0.24,0.2,0.5,0,0.49,0.22,0
SNC2_YEAST,0.25,0.35,0.22,0.18,0.5,0,0.46,0.22,0
SNF1_YEAST,0.39,0.45,0.51,0.29,0.5,0,0.54,0.22,0
SNF2_YEAST,0.33,0.47,0.55,0.24,0.5,0,0.45,0.67,1
SNF3_YEAST,0.37,0.4,0.38,0.18,0.5,0,0.51,0.22,0
SNF4_YEAST,0.43,0.47,0.47,0.18,0.5,0,0.47,0.22,0
SNF5_YEAST,0.66,0.43,0.57,0.6,0.5,0,0.19,0.33,1
SNF6_YEAST,0.55,0.4,0.62,0.22,0.5,0,0.37,0.28,1
RU17_YEAST,0.33,0.46,0.6,0.18,0.5,0,0.51,0.26,1
SNP2_YEAST,0.51,0.5,0.54,0.11,0.5,0,0.6,0.22,1
YBC6_YEAST,0.54,0.6,0.57,0.17,0.5,0,0.44,0.22,1
SNQ2_YEAST,0.45,0.57,0.38,0.28,0.5,0,0.53,0.31,0
SODC_YEAST,0.55,0.57,0.51,0.07,0.5,0,0.55,0.22,0
SODM_YEAST,0.54,0.47,0.58,0.4,0.5,0,0.46,0.27,0
SOF1_YEAST,0.36,0.32,0.55,0.27,0.5,0,0.47,0.43,1
SOK1_YEAST,0.46,0.41,0.45,0.23,0.5,0,0.48,0.22,1
SON1_YEAST,0.4,0.39,0.6,0.23,0.5,0,0.52,0.31,1
RL35_YEAST,0.52,0.47,0.58,0.18,0.5,0,0.34,0.11,0
RL35_YEAST,0.52,0.47,0.58,0.18,0.5,0,0.34,0.11,0
SPA2_YEAST,0.5,0.45,0.51,0.19,0.5,0,0.53,0.25,0
SPB4_YEAST,0.57,0.55,0.51,0.18,0.5,0,0.51,0.43,1
SPK1_YEAST,0.44,0.43,0.46,0.28,0.5,0,0.45,0.29,1
SP11_YEAST,0.46,0.5,0.5,0.28,0.5,0,0.5,0.37,1
SPR1_YEAST,0.66,0.65,0.54,0.4,0.5,0,0.51,0.22,0
SS10_YEAST,0.77,0.73,0.49,0.46,0.5,0,0.38,0.22,0
SX18_YEAST,0.38,0.58,0.46,0.21,0.5,0,0.52,0.22,1
SX19_YEAST,0.32,0.68,0.51,0.16,0.5,0.83,0.55,0.22,0
SP10_YEAST,0.27,0.46,0.52,0.17,0.5,0,0.49,0.44,1
SP14_YEAST,0.52,0.45,0.45,0.13,0.5,0,0.48,0.22,1
TF2D_YEAST,0.37,0.29,0.45,0.15,0.5,0,0.49,0.22,1
SPT2_YEAST,0.37,0.48,0.67,0.37,0.5,0,0.56,0.62,1
SP21_YEAST,0.44,0.59,0.54,0.18,0.5,0,0.49,0.22,1
SP23_YEAST,0.48,0.65,0.36,0.24,0.5,0,0.54,0.31,1
SPT3_YEAST,0.59,0.49,0.45,0.22,0.5,0,0.45,0.31,1
SPT4_YEAST,0.73,0.52,0.59,0.25,0.5,0,0.51,0.22,1
SPT5_YEAST,0.5,0.43,0.5,0.17,0.5,0,0.46,0.47,1
SPT6_YEAST,0.23,0.13,0.51,0.16,0.5,0,0.53,0.51,1
SPT7_YEAST,0.49,0.6,0.54,0.35,0.5,0,0.53,0.46,1
SPT8_YEAST,0.52,0.31,0.56,0.16,0.5,0,0.55,0.22,1
SRB2_YEAST,0.49,0.48,0.51,0.21,0.5,0,0.53,0.22,1
SRB4_YEAST,0.49,0.6,0.42,0.18,0.5,0,0.58,0.28,1
SRB5_YEAST,0.6,0.62,0.54,0.11,0.5,0,0.51,0.22,1
SRB6_YEAST,0.55,0.47,0.53,0.2,0.5,0,0.4,0.22,1
SCA1_YEAST,0.47,0.32,0.51,0.24,0.5,0,0.54,0.27,1
SRD1_YEAST,0.53,0.25,0.59,0.27,0.5,0,0.45,0.26,1
RCC_YEAST,0.31,0.5,0.54,0.32,0.5,0,0.53,0.31,1
SRPI_YEAST,0.25,0.33,0.48,0.18,0.5,0,0.42,0.33,1
SRPR_YEAST,0.55,0.46,0.47,0.15,0.5,0,0.47,0.22,0
SR14_YEAST,0.61,0.5,0.61,0.21,0.5,0,0.55,0.54,0
SR54_YEAST,0.5,0.52,0.51,0.22,0.5,0,0.46,0.37,0
SR68_YEAST,0.62,0.33,0.49,0.24,0.5,0,0.51,0.42,0
SR72_YEAST,0.56,0.52,0.46,0.17,0.5,0,0.49,0.73,0
CAP_YEAST,0.52,0.56,0.55,0.16,0.5,0,0.53,0.39,0
HS71_YEAST,0.53,0.48,0.51,0.18,0.5,0,0.52,0.27,0
HS72_YEAST,0.51,0.48,0.51,0.19,0.5,0,0.51,0.27,0
HS73_YEAST,0.51,0.48,0.51,0.26,0.5,0,0.51,0.27,0
HS74_YEAST,0.53,0.48,0.51,0.18,0.5,0,0.51,0.27,0
HS75_YEAST,0.6,0.46,0.51,0.1,0.5,0,0.48,0.31,0
HS76_YEAST,0.6,0.46,0.51,0.1,0.5,0,0.48,0.31,0
SSB1_YEAST,0.44,0.39,0.63,0.11,0.5,0,0.49,0.26,1
HS77_YEAST,0.51,0.5,0.49,0.45,0.5,0,0.48,0.22,0
SSD1_YEAST,0.45,0.45,0.51,0.3,0.5,0,0.48,0.44,0
RA25_YEAST,0.38,0.42,0.47,0.12,0.5,0,0.47,0.53,1
SSN6_YEAST,0.19,0.66,0.6,0.14,0.5,0,0.2,0.25,1
SSO1_YEAST,0.41,0.42,0.23,0.16,0.5,0,0.4,0.22,0
SSO2_YEAST,0.25,0.42,0.21,0.14,0.5,0,0.41,0.22,0
S120_YEAST,0.7,0.58,0.53,0.39,0.5,0,0.59,0.22,0
S61G_YEAST,0.49,0.31,0.43,0.24,0.5,0,0.54,0.22,0
SST2_YEAST,0.46,0.41,0.43,0.18,0.5,0,0.54,0.22,0
AMYH_YEAST,0.83,0.81,0.45,0.38,0.5,0,0.4,0.26,0
ST12_YEAST,0.38,0.51,0.56,0.21,0.5,0,0.48,0.31,1
DAP1_YEAST,0.32,0.36,0.28,0.38,0.5,0,0.5,0.4,0
ST14_YEAST,0.4,0.65,0.38,0.17,0.5,0,0.57,0.22,0
GBG_YEAST,0.36,0.37,0.63,0.25,0.5,0,0.3,0.22,0
STE2_YEAST,0.49,0.55,0.41,0.19,0.5,0,0.48,0.31,0
ST20_YEAST,0.3,0.45,0.55,0.19,0.5,0,0.53,0.4,0
STE3_YEAST,0.88,0.72,0.32,0.3,0.5,0,0.52,0.33,0
GBB_YEAST,0.44,0.4,0.53,0.19,0.5,0,0.48,0.27,0
STE5_YEAST,0.45,0.57,0.52,0.21,0.5,0,0.54,0.38,1
STE6_YEAST,0.46,0.61,0.38,0.35,0.5,0,0.49,0.22,0
STF1_YEAST,0.55,0.41,0.67,0.61,0.5,0,0.49,0.14,0
STF2_YEAST,0.28,0.18,0.72,0.26,0.5,0,0.49,0.25,0
STH1_YEAST,0.66,0.65,0.53,0.17,0.5,0,0.47,0.66,1
STL1_YEAST,0.36,0.5,0.39,0.23,0.5,0,0.5,0.22,0
STP1_YEAST,0.48,0.54,0.56,0.29,0.5,0,0.51,0.43,1
STU1_YEAST,0.33,0.37,0.49,0.22,0.5,0,0.55,0.22,0
STV1_YEAST,0.58,0.43,0.32,0.11,0.5,0,0.49,0.22,0
TF2B_YEAST,0.58,0.64,0.42,0.3,0.5,0,0.54,0.22,1
INV1_YEAST,0.74,0.82,0.46,0.24,0.5,0,0.5,0.31,0
INV2_YEAST,0.74,0.82,0.46,0.24,0.5,0,0.48,0.22,0
INV4_YEAST,0.75,0.76,0.58,0.22,0.5,0,0.49,0.22,0
SUG1_YEAST,0.58,0.37,0.58,0.16,0.5,0,0.51,0.22,1
SUI1_YEAST,0.39,0.39,0.65,0.16,0.5,0,0.45,0.22,0
IF2A_YEAST,0.51,0.59,0.55,0.21,0.5,0,0.52,0.22,0
IF2B_YEAST,0.41,0.35,0.6,0.22,0.5,0,0.56,0.79,0
SUL1_YEAST,0.43,0.28,0.41,0.32,0.5,0,0.52,0.22,0
SUP1_YEAST,0.41,0.49,0.55,0.13,0.5,0,0.55,0.22,0
SUP2_YEAST,0.23,0.29,0.46,0,0.5,0,0.43,0.31,0
RS4_YEAST,0.25,0.48,0.45,0.32,0.5,0,0.4,0.22,0
RS11_YEAST,0.38,0.34,0.55,0.44,0.5,0,0.48,0.26,0
SUV3_YEAST,0.61,0.54,0.54,0.38,0.5,0,0.54,0.29,0
ADR6_YEAST,0.48,0.17,0.37,0.33,0.5,0,0.44,0.36,1
SWI3_YEAST,0.47,0.47,0.5,0.19,0.5,0,0.51,0.26,1
SWI4_YEAST,0.55,0.38,0.52,0.16,0.5,0,0.49,0.64,1
SWI5_YEAST,0.41,0.39,0.61,0.17,0.5,0,0.5,0.61,1
SWI6_YEAST,0.41,0.56,0.53,0.16,0.5,0,0.55,0.26,1
OSTD_YEAST,0.78,0.73,0.27,0.28,0.5,0,0.56,0.22,0
SYG1_YEAST,0.31,0.51,0.38,0.18,0.5,0,0.46,0.31,0
TAL1_YEAST,0.63,0.64,0.49,0.2,0.5,0,0.52,0.25,0
VAL1_YEAST,0.31,0.4,0.31,0.17,0.5,0,0.52,0.22,0
TBF1_YEAST,0.44,0.65,0.49,0.16,0.5,0,0.48,0.31,1
RL3_YEAST,0.48,0.44,0.46,0.37,0.5,0,0.46,0.36,0
TCPA_YEAST,0.5,0.49,0.46,0.22,0.5,0,0.53,0.25,0
TCPE_YEAST,0.62,0.42,0.47,0.16,0.5,0,0.52,0.22,0
TCPB_YEAST,0.5,0.45,0.52,0.18,0.5,0,0.52,0.22,0
TCPG_YEAST,0.59,0.51,0.47,0.21,0.5,0,0.47,0.22,0
TCPD_YEAST,0.39,0.47,0.49,0.2,0.5,0,0.53,0.26,0
TCPZ_YEAST,0.49,0.48,0.52,0.24,0.5,0,0.5,0.22,0
G3P1_YEAST,0.59,0.48,0.49,0.42,0.5,0,0.52,0.22,0
G3P2_YEAST,0.57,0.35,0.5,0.43,0.5,0,0.53,0.22,0
G3P3_YEAST,0.61,0.52,0.5,0.44,0.5,0,0.53,0.22,0
TF3B_YEAST,0.49,0.51,0.52,0.13,0.5,0,0.51,0.33,1
TEC1_YEAST,0.45,0.4,0.56,0.15,0.5,0,0.52,0.22,1
EF1A_YEAST,0.63,0.43,0.48,0.11,0.5,0,0.51,0.22,0
EF1A_YEAST,0.63,0.43,0.48,0.11,0.5,0,0.51,0.22,0
EF1G_YEAST,0.52,0.45,0.53,0.34,0.5,0,0.52,0.44,0
EF1H_YEAST,0.54,0.48,0.55,0.33,0.5,0,0.55,0.4,0
T2EA_YEAST,0.55,0.79,0.45,0.25,0.5,0,0.51,0.22,1
YK42_YEAST,0.58,0.51,0.63,0.2,0.5,0,0.5,0.42,1
TFB1_YEAST,0.63,0.58,0.57,0.1,0.5,0,0.52,0.33,1
TFC1_YEAST,0.54,0.67,0.56,0.15,0.5,0,0.57,0.33,1
TF3A_YEAST,0.41,0.59,0.65,0.14,0.5,0,0.49,0.33,1
TFC3_YEAST,0.47,0.38,0.5,0.15,0.5,0,0.49,0.47,1
TFC4_YEAST,0.33,0.17,0.52,0.13,0.5,0,0.51,0.75,1
DKA1_YEAST,0.42,0.5,0.59,0.17,0.5,0,0.51,0.22,0
THRC_YEAST,0.54,0.55,0.55,0.4,0.5,0,0.53,0.22,0
SYTC_YEAST,0.31,0.31,0.57,0.15,0.5,0,0.5,0.22,0
IF4A_YEAST,0.38,0.42,0.5,0.19,0.5,0,0.44,0.22,0
IF1A_YEAST,0.33,0.36,0.62,0.26,0.5,0,0.55,0.22,0
IF4A_YEAST,0.38,0.42,0.5,0.19,0.5,0,0.44,0.22,0
TIF3_YEAST,0.47,0.56,0.58,0.19,0.5,0,0.44,0.64,0
IF41_YEAST,0.32,0.32,0.52,0.18,0.5,0,0.48,0.34,0
IF42_YEAST,0.28,0.27,0.5,0.14,0.5,0,0.5,0.28,0
IF5_YEAST,0.41,0.46,0.57,0.25,0.5,0,0.57,0.38,0
IF52_YEAST,0.44,0.54,0.51,0.16,0.5,0,0.58,0.22,0
IF51_YEAST,0.44,0.55,0.51,0.16,0.5,0,0.6,0.22,0
TIP1_YEAST,0.77,0.7,0.44,0.29,0.5,0,0.56,0.22,0
TP20_YEAST,0.4,0.56,0.53,0.15,0.5,0,0.49,0.22,0
SRP1_YEAST,0.79,0.79,0.42,0.26,0.5,0,0.6,0.22,0
SRP2_YEAST,0.8,0.83,0.43,0.24,0.5,0,0.54,0.22,0
TKT1_YEAST,0.58,0.55,0.51,0.13,0.5,0,0.52,0.22,0
TKT2_YEAST,0.55,0.69,0.51,0.12,0.5,0,0.51,0.22,0
TYSY_YEAST,0.47,0.46,0.53,0.12,0.5,0,0.51,0.25,1
TOA1_YEAST,0.57,0.29,0.63,0.22,0.5,0,0.49,0.27,1
TOA2_YEAST,0.52,0.49,0.59,0.21,0.5,0,0.47,0.22,1
TOP1_YEAST,0.41,0.42,0.53,0.17,0.5,0,0.48,0.58,1
TOP2_YEAST,0.45,0.36,0.5,0.19,0.5,0,0.53,0.7,1
TOP3_YEAST,0.53,0.51,0.54,0.21,0.5,0,0.45,0.22,1
TOR2_YEAST,0.49,0.5,0.42,0.43,0.5,0,0.5,0.36,0
TPIS_YEAST,0.44,0.49,0.49,0.27,0.5,0,0.52,0.22,0
KAPA_YEAST,0.25,0.26,0.53,0.17,0.5,0,0.45,0.22,0
KAPB_YEAST,0.49,0.46,0.54,0.18,0.5,0,0.35,0.22,0
KAPC_YEAST,0.42,0.37,0.54,0.17,0.5,0,0.51,0.22,0
TPM1_YEAST,0.42,0.45,0.75,0.21,0.5,0,0.48,0.22,0
TPM2_YEAST,0.39,0.45,0.75,0.17,0.5,0,0.51,0.22,0
TPS1_YEAST,0.63,0.54,0.53,0.27,0.5,0,0.49,0.22,0
TPS2_YEAST,0.54,0.43,0.48,0.27,0.5,0,0.44,0.41,0
TPS3_YEAST,0.4,0.44,0.5,0.13,0.5,0,0.52,0.39,0
TRK1_YEAST,0.55,0.39,0.39,0.47,0.5,0,0.5,0.83,0
TRK2_YEAST,0.59,0.48,0.41,0.53,0.5,0,0.48,0.56,0
TRNL_YEAST,0.49,0.38,0.49,0.15,0.5,0,0.53,0.25,1
TRM1_YEAST,0.53,0.45,0.52,0.29,0.5,0,0.55,0.38,0
TRPF_YEAST,0.62,0.6,0.54,0.22,0.5,0,0.54,0.27,0
TRPE_YEAST,0.33,0.46,0.53,0.12,0.5,0,0.5,0.27,0
TRPG_YEAST,0.57,0.36,0.51,0.25,0.5,0,0.54,0.25,0
TRPD_YEAST,0.45,0.76,0.51,0.25,0.5,0,0.59,0.22,0
TRP_YEAST,0.48,0.44,0.51,0.24,0.5,0,0.49,0.22,0
TSA_YEAST,0.59,0.64,0.44,0.26,0.5,0,0.5,0.22,0
TSL1_YEAST,0.79,0.56,0.53,0.19,0.5,0,0.47,0.35,0
TSM1_YEAST,0.5,0.5,0.48,0.34,0.5,0,0.52,0.27,1
TTP1_YEAST,0.79,0.62,0.35,0.35,0.5,0,0.6,0.28,0
GLRX_YEAST,0.52,0.5,0.6,0.2,0.5,0,0.52,0.22,0
TBA1_YEAST,0.59,0.46,0.57,0.17,0.5,0,0.52,0.22,0
TBB_YEAST,0.53,0.42,0.53,0.19,0.5,0,0.47,0.22,0
TBA3_YEAST,0.59,0.46,0.55,0.17,0.5,0,0.52,0.25,0
EFTU_YEAST,0.61,0.73,0.5,0.58,0.5,0,0.5,0.22,0
TUP1_YEAST,0.5,0.43,0.56,0.17,0.5,0,0.35,0.22,1
TYE7_YEAST,0.36,0.52,0.61,0.33,0.5,0,0.52,0.37,1
TYR1_YEAST,0.66,0.54,0.53,0.17,0.5,0,0.54,0.22,0
UBA1_YEAST,0.52,0.51,0.48,0.12,0.5,0,0.54,0.31,0
UBC1_YEAST,0.56,0.46,0.51,0.25,0.5,0,0.54,0.22,0
UBC4_YEAST,0.47,0.46,0.49,0.27,0.5,0,0.59,0.22,0
UBC5_YEAST,0.5,0.46,0.49,0.27,0.5,0,0.6,0.22,0
UBC6_YEAST,0.43,0.48,0.36,0.26,0.5,0,0.52,0.22,0
UBC7_YEAST,0.5,0.44,0.57,0.28,0.5,0,0.57,0.22,0
UBIQ_YEAST,0.46,0.47,0.62,0.3,0.5,0,0.38,0.22,0
UBP1_YEAST,0.59,0.7,0.46,0.19,0.5,0,0.54,0.44,0
UBP2_YEAST,0.19,0.41,0.55,0.13,0.5,0,0.52,0.25,0
UBP3_YEAST,0.27,0.43,0.5,0.13,0.5,0,0.54,0.31,0
UBR1_YEAST,0.42,0.46,0.44,0.17,0.5,0,0.51,0.42,0
UGA3_YEAST,0.49,0.36,0.47,0.28,0.5,0,0.56,0.54,1
UGA4_YEAST,0.42,0.51,0.33,0.16,0.5,0,0.54,0.22,0
UME5_YEAST,0.34,0.42,0.48,0.19,0.5,0,0.46,0.31,1
UME6_YEAST,0.6,0.57,0.63,0.22,0.5,0,0.5,0.49,1
UNG_YEAST,0.53,0.44,0.54,0.52,0.5,0,0.49,0.38,1
PYRD_YEAST,0.48,0.39,0.56,0.23,0.5,0,0.6,0.22,0
PYR1_YEAST,0.56,0.49,0.47,0.13,0.5,0,0.52,0.22,1
UMPK_YEAST,0.47,0.59,0.56,0.09,0.5,0,0.5,0.22,0
RL21_YEAST,0.4,0.28,0.58,0.44,0.5,0,0.41,0.22,0
RSU2_YEAST,0.54,0.35,0.55,0.19,0.5,0,0.3,0.22,0
USO1_YEAST,0.5,0.47,0.45,0.14,0.5,0,0.53,0.32,0
YEU2_YEAST,0.55,0.49,0.6,0.18,0.5,0,0.51,0.22,1
01_YEAST,0.55,0.44,0.5,0.09,0.5,0,0.55,0.22,0
RMAR_YEAST,0.66,0.37,0.6,0.25,0.5,0,0.69,0.22,0
SYV_YEAST,0.51,0.49,0.48,0.55,0.5,0,0.52,0.58,0
VATA_YEAST,0.36,0.51,0.51,0.17,0.5,0,0.52,0.22,0
VM11_YEAST,0.68,0.68,0.35,0.16,0.5,0,0.62,0.22,0
VATB_YEAST,0.44,0.35,0.55,0.14,0.5,0,0.52,0.22,0
VATL_YEAST,0.73,0.59,0.35,0.15,0.5,0,0.54,0.22,0
VATE_YEAST,0.6,0.37,0.52,0.15,0.5,0,0.55,0.26,0
VATC_YEAST,0.64,0.61,0.56,0.15,0.5,0,0.54,0.22,0
VATX_YEAST,0.48,0.58,0.58,0.12,0.5,0,0.49,0.22,0
VATF_YEAST,0.65,0.58,0.53,0.21,0.5,0,0.51,0.22,0
VATD_YEAST,0.48,0.49,0.49,0.26,0.5,0,0.39,0.27,0
VPH1_YEAST,0.57,0.54,0.32,0.15,0.5,0,0.52,0.25,0
VM12_YEAST,0.4,0.36,0.32,0.16,0.5,0,0.51,0.27,0
VPS1_YEAST,0.5,0.55,0.52,0.16,0.5,0,0.51,0.31,0
VP15_YEAST,0.65,0.63,0.47,0.22,0.5,0,0.52,0.27,0
VP16_YEAST,0.41,0.48,0.51,0.2,0.5,0,0.51,0.22,0
VP17_YEAST,0.25,0.4,0.54,0.16,0.5,0,0.43,0.22,0
YP51_YEAST,0.63,0.56,0.52,0.21,0.5,0,0.5,0.22,0
SLP1_YEAST,0.56,0.68,0.42,0.36,0.5,0,0.49,0.22,0
VP34_YEAST,0.57,0.47,0.48,0.17,0.5,0,0.52,0.26,0
VP45_YEAST,0.46,0.52,0.51,0.13,0.5,0,0.47,0.22,0
VRP1_YEAST,0.5,0.4,0.57,0.17,0.5,0,0.59,0.22,0
OSTB_YEAST,0.78,0.71,0.35,0.25,0.5,0,0.49,0.22,0
XRS2_YEAST,0.64,0.56,0.52,0.17,0.5,0,0.54,0.47,1
YAA7_YEAST,1,0.8,0.29,0.36,0.5,0,0.52,0.22,0
YAB1_YEAST,0.51,0.39,0.56,0.55,0.5,0,0.46,0.64,0
YAB8_YEAST,0.69,0.66,0.36,0.09,0.5,0,0.56,0.22,0
YAB9_YEAST,0.4,0.45,0.45,0.15,0.5,0,0.53,0.48,1
YAC2_YEAST,0.49,0.53,0.36,0.15,0.5,0,0.52,0.27,0
YAE2_YEAST,0.39,0.63,0.41,0.27,0.5,0,0.49,0.22,0
YAF1_YEAST,0.45,0.51,0.43,0.22,0.5,0,0.57,0.22,1
YAF3_YEAST,0.77,0.78,0.27,0.37,0.5,0,0.49,0.22,0
YAG3_YEAST,0.88,0.75,0.41,0.36,0.5,0,0.43,0.22,0
YAG7_YEAST,0.49,0.49,0.4,0.2,0.5,0,0.48,0.26,0
PDR4_YEAST,0.57,0.53,0.6,0.28,0.5,0,0.52,0.45,1
AP17_YEAST,0.53,0.52,0.49,0.27,0.5,0,0.51,0.22,0
AP19_YEAST,0.5,0.47,0.56,0.31,0.5,0,0.56,0.26,0
YAP3_YEAST,0.71,0.79,0.41,0.38,0.5,0,0.54,0.22,0
AP54_YEAST,0.33,0.49,0.46,0.22,0.5,0,0.53,0.33,0
ADB1_YEAST,0.47,0.41,0.46,0.18,0.5,0,0.53,0.22,0
CACM_YEAST,0.45,0.39,0.46,0.29,0.5,0,0.42,0.22,0
FMT_YEAST,0.59,0.56,0.5,0.48,0.5,0,0.46,0.22,0
YBC4_YEAST,0.32,0.3,0.57,0.38,0.5,0,0.5,0.25,1
YBE2_YEAST,0.26,0.3,0.37,0.15,0.5,0,0.53,0.25,0
YBG6_YEAST,0.28,0.41,0.46,0.18,0.5,0,0.47,0.39,1
YBI8_YEAST,0.45,0.5,0.43,0.16,0.5,0,0.52,0.28,0
RL3P_YEAST,0.24,0.25,0.57,0.28,0.5,0,0.51,0.11,0
MRF1_YEAST,0.46,0.61,0.55,0.29,0.5,0,0.49,0.22,0
YBT6_YEAST,0.54,0.44,0.38,0.22,0.5,0,0.54,0.3,0
YBY2_YEAST,0.22,0.53,0.36,0.22,0.5,0,0.54,0.31,0
YB00_YEAST,0.25,0.41,0.47,0.14,0.5,0,0.56,0.68,1
YB30_YEAST,0.43,0.41,0.37,0.18,0.5,0,0.54,0.31,0
YB32_YEAST,0.4,0.44,0.47,0.25,0.5,0,0.54,0.56,1
YB33_YEAST,0.46,0.59,0.38,0.12,0.5,0,0.5,0.22,0
YB37_YEAST,0.8,0.82,0.4,0.31,0.5,0,0.57,0.25,0
YB48_YEAST,0.29,0.39,0.46,0.36,0.5,0,0.51,0.22,1
YB54_YEAST,0.4,0.4,0.43,0.19,0.5,0.83,0.48,0.22,0
YB72_YEAST,0.57,0.52,0.46,0.2,0.5,0.83,0.52,0.41,0
YB91_YEAST,0.43,0.6,0.4,0.12,0.5,0,0.49,0.29,0
YB8E_YEAST,0.56,0.71,0.47,0.21,0.5,0,0.52,0.22,0
YB8G_YEAST,0.65,0.62,0.26,0.33,0.5,0,0.55,0.22,0
YB8I_YEAST,0.77,0.7,0.37,0.12,0.5,0,0.49,0.26,0
YCFI_YEAST,0.47,0.61,0.32,0.27,0.5,0,0.5,0.3,0
YCK1_YEAST,0.71,0.51,0.49,0.23,0.5,0,0.3,0.32,0
YCK2_YEAST,0.59,0.48,0.49,0.49,0.5,0,0.36,0.32,0
YCA9_YEAST,0.58,0.63,0.52,0.7,0.5,0,0.46,0.22,0
YCD8_YEAST,0.3,0.68,0.41,0.17,0.5,0,0.51,0.22,0
YCG9_YEAST,0.74,0.73,0.32,0.2,0.5,0,0.55,0.22,0
YCH0_YEAST,0.55,0.35,0.36,0.29,0.5,0,0.51,0.22,0
YCQ0_YEAST,0.35,0.32,0.31,0.16,0.5,0,0.56,0.22,0
YCQ7_YEAST,0.67,0.61,0.39,0.24,0.5,0,0.51,0.22,0
YCR3_YEAST,0.69,0.57,0.39,0.19,0.5,0,0.48,0.39,0
SYN_YEAST,0.47,0.41,0.53,0.27,0.5,0,0.47,0.25,0
YCR8_YEAST,0.39,0.56,0.34,0.18,0.5,0,0.49,0.22,0
YCS4_YEAST,0.51,0.38,0.42,0.21,0.5,0,0.46,0.34,0
YCT8_YEAST,0.32,0.45,0.39,0.14,0.5,0,0.45,0.22,0
YCV1_YEAST,0.75,0.73,0.35,0.33,0.5,0,0.49,0.28,0
YCW2_YEAST,0.54,0.54,0.56,0.18,0.5,0,0.46,0.29,1
YCX9_YEAST,0.71,0.64,0.42,0.28,0.5,0,0.43,0.22,0
YCY8_YEAST,0.28,0.48,0.36,0.16,0.5,0,0.53,0.22,0
YCZ6_YEAST,0.58,0.44,0.45,0.32,0.5,0,0.52,0.37,1
YD66_YEAST,0.52,0.65,0.36,0.26,0.5,0,0.44,0.22,0
MAS5_YEAST,0.64,0.44,0.56,0.15,0.5,0,0.56,0.22,0
EF3_YEAST,0.48,0.58,0.47,0.17,0.5,0,0.53,0.74,0
YEA6_YEAST,0.42,0.71,0.45,0.15,0.5,0,0.48,0.22,0
YEP0_YEAST,0.38,0.37,0.36,0.14,0.5,0,0.54,0.22,0
YE14_YEAST,0.4,0.4,0.44,0.37,0.5,0,0.53,0.25,1
YGL1_YEAST,0.38,0.56,0.38,0.16,0.5,0,0.53,0.22,0
YGP1_YEAST,0.8,0.79,0.43,0.25,0.5,0,0.52,0.22,0
YHA8_YEAST,0.63,0.65,0.42,0.18,0.5,0,0.54,0.27,0
YHA9_YEAST,0.47,0.4,0.63,0.19,0.5,0,0.52,0.32,1
YHB7_YEAST,0.83,0.94,0.32,0.21,0.5,0,0.51,0.22,0
YHC6_YEAST,0.61,0.76,0.3,0.16,0.5,0,0.45,0.41,0
RIMI_YEAST,0.33,0.38,0.47,0.14,0.5,0,0.51,0.47,1
YHD5_YEAST,0.38,0.67,0.33,0.17,0.5,0,0.51,0.22,0
YHE0_YEAST,0.39,0.33,0.33,0.23,0.5,0,0.47,0.22,0
YHF0_YEAST,0.5,0.63,0.45,0.13,0.5,0,0.45,0.32,0
YHG2_YEAST,0.2,0.6,0.5,0.29,0.5,0,0.51,0.22,0
YHI7_YEAST,0.29,0.26,0.43,0.17,0.5,0,0.55,0.3,0
YHJ2_YEAST,0.51,0.46,0.41,0.36,0.5,0,0.49,0.22,0
YHK5_YEAST,0.92,0.66,0.52,0.23,0.5,0,0.53,0.22,0
YHK8_YEAST,0.49,0.56,0.37,0.2,0.5,0,0.53,0.22,0
YHN8_YEAST,0.86,0.78,0.34,0.15,0.5,0,0.53,0.22,0
YHP0_YEAST,0.38,0.44,0.57,0.14,0.5,0,0.53,0.52,1
YHQ1_YEAST,0.72,0.73,0.41,0.28,0.5,0,0.44,0.22,0
YHR0_YEAST,0.8,0.73,0.47,0.19,0.5,0,0.49,0.22,0
YHT3_YEAST,0.49,0.55,0.35,0.23,0.5,0,0.57,0.22,0
YHU0_YEAST,0.63,0.71,0.44,0.53,0.5,0,0.52,0.22,0
YHU2_YEAST,0.6,0.68,0.3,0.27,0.5,0,0.55,0.22,0
YHX8_YEAST,0.4,0.43,0.49,0.17,0.5,0,0.51,0.36,1
YHY0_YEAST,0.82,0.63,0.47,0.18,0.5,0,0.5,0.22,0
YHY1_YEAST,0.77,0.68,0.35,0.19,0.5,0,0.53,0.43,0
YIA6_YEAST,0.51,0.59,0.46,0.13,0.5,0,0.48,0.22,0
YIB3_YEAST,0.52,0.46,0.34,0.2,0.5,0,0.51,0.25,0
YIF2_YEAST,0.47,0.5,0.6,0.63,0.5,0,0.38,0.16,0
YIG3_YEAST,0.34,0.24,0.51,0.15,0.5,0,0.54,0.4,1
YIN0_YEAST,0.35,0.29,0.46,0.14,0.5,0,0.54,0.66,1
YIN4_YEAST,0.58,0.67,0.49,0.16,0.5,0,0.47,0.28,0
YIR3_YEAST,0.85,0.85,0.3,0.31,0.5,0,0.55,0.42,0
YKJ5_YEAST,0.36,0.48,0.61,0.26,0.5,0,0.5,0.16,1
YKA5_YEAST,0.41,0.25,0.59,0.44,0.5,0,0.6,0.69,1
YKA8_YEAST,0.3,0.37,0.4,0.45,0.5,0,0.48,0.41,0
MAOX_YEAST,0.57,0.59,0.49,0.86,0.5,0,0.47,0.22,1
YKD8_YEAST,0.38,0.4,0.39,0.19,0.5,0,0.46,0.62,1
YKE6_YEAST,0.77,0.74,0.37,0.29,0.5,0,0.45,0.22,0
TCTP_YEAST,0.47,0.38,0.58,0.19,0.5,0,0.57,0.22,0
PMT_YEAST,0.5,0.61,0.44,0.2,0.5,0,0.49,0.22,0
YKM9_YEAST,0.41,0.45,0.46,0.23,0.5,0,0.5,0.7,0
YKN4_YEAST,0.46,0.62,0.46,0.54,0.5,0,0.51,0.27,0
YKS8_YEAST,0.74,0.75,0.45,0.44,0.5,0,0.52,0.22,0
ACP_YEAST,0.52,0.53,0.58,0.69,0.5,0,0.5,0.22,0
YKW2_YEAST,0.41,0.47,0.5,0.14,0.5,0,0.53,0.37,1
YKY8_YEAST,0.25,0.4,0.52,0.15,0.5,0,0.56,0.28,1
YK44_YEAST,0.58,0.56,0.38,0.39,0.5,0,0.54,0.57,1
YK68_YEAST,0.32,0.29,0.29,0.08,0.5,0,0.52,0.22,0
RL13_YEAST,0.38,0.48,0.57,0.3,0.5,0,0.41,0.11,0
YMC1_YEAST,0.39,0.58,0.47,0.18,0.5,0,0.48,0.22,0
YMC2_YEAST,0.38,0.47,0.47,0.18,0.5,0,0.44,0.26,0
Y0_YEAST,0.63,0.57,0.5,0.48,0.5,0,0.51,0.22,0
RMR3_YEAST,0.51,0.45,0.62,0.25,0.5,0,0.59,0.22,0
YOX1_YEAST,0.59,0.67,0.54,0.19,0.5,0,0.48,0.6,1
YPT1_YEAST,0.6,0.61,0.54,0.11,0.5,0,0.46,0.22,0
YP52_YEAST,0.48,0.61,0.57,0.17,0.5,0,0.45,0.22,0
YP53_YEAST,0.71,0.5,0.5,0.18,0.5,0,0.46,0.22,0
YPT7_YEAST,0.61,0.48,0.54,0.25,0.5,0,0.5,0.22,0
R29A_YEAST,0.38,0.32,0.64,0.41,0.5,0,0.44,0.11,0
R29B_YEAST,0.38,0.4,0.66,0.35,0.5,0,0.43,0.11,0
YUR1_YEAST,0.81,0.62,0.43,0.17,0.5,0,0.53,0.22,0
ZIP1_YEAST,0.47,0.43,0.61,0.4,0.5,0,0.48,0.47,1
ZNRP_YEAST,0.67,0.57,0.36,0.19,0.5,0,0.56,0.22,0
ZUO1_YEAST,0.43,0.4,0.6,0.16,0.5,0,0.53,0.39,1
G6PD_YEAST,0.65,0.54,0.54,0.13,0.5,0,0.53,0.22,0
